WKT,Name,OBJECTID,UKATEGORIE,UTYP1,UART,UMONAT,USTUNDE,UWOCHENTAG,STRZUSTAND,ULICHTVERH,ISTRAD,ISTPKW,ISTFUSS,ISTKRAD
"POINT (9.675511814000060 52.376363905000062)",Unfall 11949 (2018) Kat:2, Licht: 0,11949,2,6,2,03,14,7,1,0,0,1,0,0
"POINT (9.719400002000043 52.346624337000037)",Unfall 11968 (2018) Kat:3, Licht: 0,11968,3,2,5,03,15,4,0,0,0,1,0,0
"POINT (9.489379254000028 52.336748949000082)",Unfall 11973 (2018) Kat:3, Licht: 0,11973,3,2,2,03,14,6,1,0,0,1,0,0
"POINT (9.732078639000065 52.426866214000029)",Unfall 12002 (2018) Kat:3, Licht: 0,12002,3,6,3,03,12,6,1,0,0,1,0,0
"POINT (9.529929741000046 52.198427182000046)",Unfall 12010 (2018) Kat:3, Licht: 2,12010,3,1,8,03,03,3,2,2,0,1,0,0
"POINT (9.448015479000048 52.386741663000066)",Unfall 12019 (2018) Kat:3, Licht: 0,12019,3,7,6,03,12,6,0,0,0,1,1,0
"POINT (9.594358857000032 52.411203811000064)",Unfall 12026 (2018) Kat:3, Licht: 0,12026,3,2,5,03,09,5,1,0,0,1,0,0
"POINT (10.027477770000075 52.352389154000036)",Unfall 12033 (2018) Kat:3, Licht: 0,12033,3,7,8,03,12,7,1,0,0,1,0,0
"POINT (9.725210655000069 52.459972743000037)",Unfall 12036 (2018) Kat:3, Licht: 2,12036,3,1,0,03,19,7,0,2,0,1,0,0
"POINT (9.577597409000020 52.322314085000073)",Unfall 12040 (2018) Kat:3, Licht: 2,12040,3,1,9,03,20,7,2,2,0,1,0,0
"POINT (9.778595507000034 52.371013599000037)",Unfall 12054 (2018) Kat:2, Licht: 2,12054,2,6,2,03,05,5,1,2,0,1,0,0
"POINT (9.755561256000021 52.427286683000034)",Unfall 12082 (2018) Kat:2, Licht: 0,12082,2,6,3,03,06,4,0,0,0,1,0,0
"POINT (9.743479416000071 52.368573564000030)",Unfall 12095 (2018) Kat:3, Licht: 0,12095,3,6,2,03,09,6,1,0,0,1,0,0
"POINT (9.771483626000077 52.370875160000026)",Unfall 12101 (2018) Kat:3, Licht: 0,12101,3,3,5,03,14,3,1,0,0,1,0,0
"POINT (9.759694722000063 52.370358492000037)",Unfall 12104 (2018) Kat:3, Licht: 0,12104,3,7,0,03,14,2,0,0,0,1,0,0
"POINT (9.420069489000071 52.425104112000042)",Unfall 12113 (2018) Kat:3, Licht: 1,12113,3,2,2,03,18,5,0,1,0,1,0,0
"POINT (9.490851075000023 52.290942699000027)",Unfall 12116 (2018) Kat:3, Licht: 0,12116,3,3,5,03,13,5,0,0,0,1,0,1
"POINT (9.805440094000062 52.408388272000082)",Unfall 12122 (2018) Kat:3, Licht: 1,12122,3,2,3,03,18,4,1,1,1,1,0,0
"POINT (9.585769008000057 52.416241378000052)",Unfall 12127 (2018) Kat:3, Licht: 1,12127,3,3,5,03,06,6,0,1,1,1,0,0
"POINT (9.808067206000033 52.337240026000075)",Unfall 12128 (2018) Kat:3, Licht: 2,12128,3,6,2,03,19,3,0,2,0,1,0,0
"POINT (9.722411089000048 52.462224672000048)",Unfall 12139 (2018) Kat:3, Licht: 0,12139,3,6,3,03,16,6,0,0,0,1,0,0
"POINT (9.819753656000046 52.406463155000040)",Unfall 12146 (2018) Kat:3, Licht: 0,12146,3,6,9,03,16,5,1,0,0,1,0,0
"POINT (9.890404987000068 52.295083849000036)",Unfall 12150 (2018) Kat:3, Licht: 0,12150,3,6,2,03,16,3,0,0,0,1,0,0
"POINT (9.654539215000057 52.213763080000035)",Unfall 12168 (2018) Kat:3, Licht: 0,12168,3,1,4,03,14,7,2,0,0,1,0,0
"POINT (9.765828591000059 52.323805404000041)",Unfall 12190 (2018) Kat:3, Licht: 2,12190,3,1,9,03,21,7,2,2,0,1,0,0
"POINT (9.749169707000021 52.361857965000070)",Unfall 12205 (2018) Kat:3, Licht: 1,12205,3,6,2,03,09,6,0,1,0,1,0,0
"POINT (9.713421613000037 52.361923929000056)",Unfall 12206 (2018) Kat:3, Licht: 0,12206,3,6,2,03,16,1,0,0,0,1,0,0
"POINT (9.452729845000022 52.412706754000055)",Unfall 12207 (2018) Kat:3, Licht: 0,12207,3,2,2,03,09,6,0,0,0,1,0,0
"POINT (9.817765719000022 52.299810510000043)",Unfall 12212 (2018) Kat:3, Licht: 0,12212,3,2,0,03,16,6,0,0,1,1,0,0
"POINT (9.555606342000033 52.340702818000068)",Unfall 12214 (2018) Kat:3, Licht: 2,12214,3,1,8,03,19,6,2,2,0,1,0,0
"POINT (9.795947254000055 52.549613869000041)",Unfall 12219 (2018) Kat:3, Licht: 0,12219,3,6,2,03,16,6,0,0,0,1,0,0
"POINT (9.778126832000055 52.371714642000029)",Unfall 12232 (2018) Kat:3, Licht: 0,12232,3,6,2,03,13,5,0,0,0,1,0,0
"POINT (9.847670641000036 52.437086092000072)",Unfall 12238 (2018) Kat:3, Licht: 0,12238,3,1,0,03,15,4,0,0,0,0,0,1
"POINT (9.856449644000065 52.501229674000058)",Unfall 12242 (2018) Kat:3, Licht: 0,12242,3,3,5,03,14,6,2,0,0,1,0,0
"POINT (9.731826959000046 52.369452103000071)",Unfall 12251 (2018) Kat:2, Licht: 0,12251,2,3,5,03,09,6,1,0,0,1,0,0
"POINT (9.762237226000025 52.427129603000026)",Unfall 12256 (2018) Kat:3, Licht: 0,12256,3,6,2,03,08,2,0,0,0,1,0,0
"POINT (9.793234096000049 52.415383505000079)",Unfall 12259 (2018) Kat:3, Licht: 0,12259,3,2,5,03,08,6,0,0,1,1,0,0
"POINT (9.666861306000044 52.339247667000052)",Unfall 12265 (2018) Kat:3, Licht: 0,12265,3,6,3,03,10,5,1,0,0,1,0,0
"POINT (9.615785826000035 52.322813112000063)",Unfall 12278 (2018) Kat:3, Licht: 0,12278,3,1,9,03,13,7,2,0,0,1,0,0
"POINT (9.875901584000076 52.485774536000065)",Unfall 12284 (2018) Kat:3, Licht: 0,12284,3,1,9,03,16,3,0,0,0,1,0,0
"POINT (9.686591018000058 52.378841095000041)",Unfall 12291 (2018) Kat:2, Licht: 0,12291,2,1,0,03,07,5,1,0,1,0,0,0
"POINT (9.814056553000057 52.364806386000055)",Unfall 12303 (2018) Kat:3, Licht: 0,12303,3,7,8,03,11,7,1,0,0,1,0,0
"POINT (9.712876378000033 52.362370159000079)",Unfall 12315 (2018) Kat:3, Licht: 0,12315,3,6,2,03,14,5,0,0,0,1,0,0
"POINT (9.747459631000027 52.437211006000041)",Unfall 12332 (2018) Kat:3, Licht: 0,12332,3,6,4,04,17,2,0,0,1,0,0,0
"POINT (9.627907395000023 52.265820969000060)",Unfall 12338 (2018) Kat:3, Licht: 0,12338,3,6,2,04,13,4,0,0,0,1,0,0
"POINT (9.798499871000047 52.412175311000055)",Unfall 12344 (2018) Kat:3, Licht: 0,12344,3,4,0,03,12,7,1,0,0,1,1,0
"POINT (9.578646311000057 52.423375783000040)",Unfall 12350 (2018) Kat:3, Licht: 0,12350,3,6,2,03,16,6,0,0,0,1,0,0
"POINT (9.841190167000036 52.416634994000049)",Unfall 12377 (2018) Kat:3, Licht: 0,12377,3,6,2,04,14,4,0,0,0,0,0,0
"POINT (9.698735183000053 52.347677390000058)",Unfall 12378 (2018) Kat:3, Licht: 2,12378,3,6,2,04,20,6,0,2,0,1,0,0
"POINT (9.829187913000055 52.339595512000074)",Unfall 12385 (2018) Kat:3, Licht: 0,12385,3,5,3,04,16,3,0,0,0,1,0,0
"POINT (9.630500767000058 52.225054440000065)",Unfall 12402 (2018) Kat:3, Licht: 0,12402,3,1,8,04,16,1,0,0,0,0,0,1
"POINT (9.624850307000031 52.378244262000067)",Unfall 12412 (2018) Kat:3, Licht: 0,12412,3,5,1,04,06,6,0,0,0,1,0,0
"POINT (9.634529357000076 52.246892058000071)",Unfall 12420 (2018) Kat:3, Licht: 0,12420,3,6,8,04,16,7,0,0,0,1,0,0
"POINT (9.434096931000056 52.442948868000030)",Unfall 12439 (2018) Kat:3, Licht: 0,12439,3,3,5,03,13,4,1,0,0,1,0,0
"POINT (9.744815027000072 52.295865745000071)",Unfall 12444 (2018) Kat:3, Licht: 0,12444,3,7,0,03,13,4,1,0,0,0,0,0
"POINT (9.791366164000067 52.556618777000040)",Unfall 12446 (2018) Kat:3, Licht: 0,12446,3,6,2,04,07,2,0,0,0,1,0,0
"POINT (9.623708895000050 52.327377559000070)",Unfall 12447 (2018) Kat:3, Licht: 0,12447,3,1,8,03,13,4,1,0,0,1,0,0
"POINT (9.745835920000047 52.369065712000065)",Unfall 12452 (2018) Kat:3, Licht: 0,12452,3,7,5,04,17,5,1,0,1,0,0,0
"POINT (9.455163205000076 52.507787788000030)",Unfall 12453 (2018) Kat:2, Licht: 0,12453,2,4,6,03,10,4,1,0,0,1,1,0
"POINT (9.466045210000061 52.304030449000038)",Unfall 12456 (2018) Kat:3, Licht: 0,12456,3,2,6,03,17,4,1,0,0,1,1,0
"POINT (9.713743103000070 52.361367017000077)",Unfall 12457 (2018) Kat:3, Licht: 0,12457,3,1,8,04,11,2,1,0,0,0,0,1
"POINT (9.898900203000039 52.401506817000040)",Unfall 12459 (2018) Kat:3, Licht: 0,12459,3,6,3,04,17,4,0,0,0,1,0,0
"POINT (9.886204411000051 52.427128634000042)",Unfall 12462 (2018) Kat:2, Licht: 0,12462,2,1,8,03,14,4,1,0,0,1,0,0
"POINT (9.651939766000055 52.377107405000061)",Unfall 12479 (2018) Kat:3, Licht: 0,12479,3,3,5,04,07,2,0,0,1,1,0,0
"POINT (9.655823516000055 52.171171411000046)",Unfall 12482 (2018) Kat:3, Licht: 0,12482,3,6,2,03,16,5,0,0,0,1,0,0
"POINT (9.724326054000073 52.557800351000026)",Unfall 12487 (2018) Kat:2, Licht: 0,12487,2,7,5,04,17,4,1,0,0,0,0,1
"POINT (9.636698818000070 52.421919232000050)",Unfall 12493 (2018) Kat:3, Licht: 2,12493,3,6,2,03,22,7,1,2,0,1,0,0
"POINT (9.358731602000034 52.533785949000048)",Unfall 12494 (2018) Kat:2, Licht: 2,12494,2,1,9,04,03,3,0,2,0,1,0,0
"POINT (9.772037883000053 52.371105682000064)",Unfall 12498 (2018) Kat:3, Licht: 0,12498,3,3,5,04,15,4,0,0,0,1,0,1
"POINT (9.866957279000076 52.341250811000066)",Unfall 12502 (2018) Kat:3, Licht: 1,12502,3,6,9,04,06,6,0,1,0,1,0,0
"POINT (9.457252149000055 52.504735520000054)",Unfall 12510 (2018) Kat:3, Licht: 0,12510,3,6,3,03,15,6,0,0,0,1,0,1
"POINT (9.667577144000063 52.341062003000047)",Unfall 12521 (2018) Kat:3, Licht: 2,12521,3,3,5,03,00,5,1,2,1,1,0,0
"POINT (9.715124549000052 52.361479830000064)",Unfall 12524 (2018) Kat:3, Licht: 0,12524,3,6,2,04,17,6,0,0,0,1,0,1
"POINT (9.661648692000028 52.385799939000037)",Unfall 12525 (2018) Kat:3, Licht: 0,12525,3,4,6,04,10,4,0,0,0,1,1,0
"POINT (9.891397286000029 52.398084321000056)",Unfall 12532 (2018) Kat:3, Licht: 0,12532,3,3,0,04,15,3,0,0,0,1,0,0
"POINT (9.492464529000074 52.415658446000066)",Unfall 12534 (2018) Kat:3, Licht: 0,12534,3,6,2,04,17,7,0,0,0,1,0,0
"POINT (9.800565071000051 52.541987816000074)",Unfall 12547 (2018) Kat:3, Licht: 0,12547,3,6,2,03,12,6,0,0,0,1,0,0
"POINT (9.870667825000055 52.402085342000078)",Unfall 12558 (2018) Kat:3, Licht: 2,12558,3,7,8,04,23,1,0,2,0,0,0,0
"POINT (9.701526910000041 52.370700553000063)",Unfall 12559 (2018) Kat:3, Licht: 0,12559,3,1,0,04,13,1,1,0,0,0,0,1
"POINT (9.726765487000023 52.544564991000072)",Unfall 12561 (2018) Kat:3, Licht: 0,12561,3,3,5,04,15,6,0,0,0,1,0,0
"POINT (10.023447710000028 52.432530375000056)",Unfall 12568 (2018) Kat:3, Licht: 0,12568,3,6,2,04,15,3,1,0,0,1,0,0
"POINT (9.551823824000053 52.321351867000033)",Unfall 12569 (2018) Kat:3, Licht: 0,12569,3,3,5,04,14,7,0,0,1,1,0,0
"POINT (9.857549997000035 52.480744686000037)",Unfall 12577 (2018) Kat:3, Licht: 0,12577,3,1,8,03,16,5,1,0,0,1,0,0
"POINT (9.860329972000045 52.384932905000028)",Unfall 12582 (2018) Kat:3, Licht: 0,12582,3,3,5,03,10,3,0,0,1,1,0,0
"POINT (9.388826331000075 52.419272248000027)",Unfall 12588 (2018) Kat:3, Licht: 0,12588,3,3,5,03,09,3,0,0,1,1,0,0
"POINT (9.969049565000034 52.373199138000075)",Unfall 12590 (2018) Kat:3, Licht: 0,12590,3,3,5,04,17,1,0,0,0,1,0,0
"POINT (9.976715883000054 52.402306308000050)",Unfall 12595 (2018) Kat:3, Licht: 0,12595,3,3,5,03,07,3,0,0,1,0,0,0
"POINT (9.503436448000059 52.405593792000047)",Unfall 12600 (2018) Kat:2, Licht: 0,12600,2,6,2,04,16,5,0,0,0,1,0,0
"POINT (9.845451669000056 52.411462916000062)",Unfall 12601 (2018) Kat:3, Licht: 0,12601,3,1,9,03,15,3,0,0,0,1,0,0
"POINT (9.510645930000067 52.409713709000073)",Unfall 12604 (2018) Kat:3, Licht: 0,12604,3,6,2,03,15,3,0,0,0,1,0,0
"POINT (9.667362362000063 52.377070886000070)",Unfall 12605 (2018) Kat:2, Licht: 0,12605,2,2,5,04,17,2,0,0,0,1,0,0
"POINT (9.699893324000072 52.416313321000075)",Unfall 12607 (2018) Kat:3, Licht: 0,12607,3,6,2,03,18,5,1,0,0,1,0,0
"POINT (9.434499159000040 52.360554280000031)",Unfall 12608 (2018) Kat:3, Licht: 0,12608,3,6,3,04,14,4,0,0,0,1,0,0
"POINT (9.782658229000049 52.324282054000037)",Unfall 12625 (2018) Kat:2, Licht: 0,12625,2,4,6,03,16,5,0,0,0,1,1,0
"POINT (9.968665962000046 52.315207085000054)",Unfall 12640 (2018) Kat:2, Licht: 0,12640,2,5,1,04,15,2,0,0,0,1,0,0
"POINT (9.421235378000063 52.429340130000071)",Unfall 12647 (2018) Kat:3, Licht: 0,12647,3,3,5,04,11,4,0,0,1,1,0,0
"POINT (9.826142597000057 52.341259679000075)",Unfall 12653 (2018) Kat:3, Licht: 0,12653,3,6,2,03,10,7,1,0,0,1,0,0
"POINT (9.810980465000057 52.367552349000050)",Unfall 12659 (2018) Kat:3, Licht: 0,12659,3,5,1,03,15,6,0,0,0,1,0,0
"POINT (9.878745522000031 52.434841246000076)",Unfall 12663 (2018) Kat:3, Licht: 0,12663,3,7,0,03,07,5,1,0,0,1,0,0
"POINT (9.735393811000051 52.404296694000038)",Unfall 12674 (2018) Kat:3, Licht: 0,12674,3,6,3,04,12,6,0,0,0,1,0,0
"POINT (9.733979227000077 52.386856543000079)",Unfall 12685 (2018) Kat:3, Licht: 0,12685,3,3,5,04,17,4,1,0,1,1,0,0
"POINT (10.196810119000077 52.452840869000056)",Unfall 12686 (2018) Kat:3, Licht: 0,12686,3,2,2,04,08,6,0,0,0,1,0,0
"POINT (9.498727696000060 52.289755672000069)",Unfall 12693 (2018) Kat:3, Licht: 0,12693,3,4,6,04,15,3,0,0,0,1,1,0
"POINT (9.696197191000067 52.379678868000042)",Unfall 12710 (2018) Kat:3, Licht: 2,12710,3,7,0,04,00,1,0,2,0,1,0,0
"POINT (9.357246670000052 52.453350305000072)",Unfall 12711 (2018) Kat:3, Licht: 0,12711,3,2,4,04,11,1,0,0,0,1,0,1
"POINT (9.970674074000044 52.368685471000049)",Unfall 12713 (2018) Kat:2, Licht: 0,12713,2,4,6,04,11,6,0,0,0,1,1,0
"POINT (9.923685494000040 52.394658171000060)",Unfall 12721 (2018) Kat:3, Licht: 0,12721,3,1,2,04,12,7,0,0,0,1,0,0
"POINT (9.715897983000048 52.397638515000040)",Unfall 12723 (2018) Kat:2, Licht: 2,12723,2,4,6,03,21,2,0,2,1,0,1,0
"POINT (9.472320939000042 52.388417957000058)",Unfall 12726 (2018) Kat:2, Licht: 0,12726,2,3,5,03,17,2,0,0,0,1,0,1
"POINT (9.601691316000029 52.202152910000052)",Unfall 12730 (2018) Kat:3, Licht: 0,12730,3,5,1,04,14,7,0,0,0,1,0,0
"POINT (9.815404988000068 52.522438485000066)",Unfall 12732 (2018) Kat:3, Licht: 0,12732,3,7,8,03,08,2,0,0,0,1,0,0
"POINT (9.615269888000057 52.290532725000048)",Unfall 12757 (2018) Kat:3, Licht: 0,12757,3,6,3,04,15,2,0,0,1,1,0,0
"POINT (9.725119723000034 52.377001298000039)",Unfall 12764 (2018) Kat:3, Licht: 0,12764,3,6,2,04,19,4,0,0,1,1,0,0
"POINT (9.580290214000058 52.418171535000056)",Unfall 12774 (2018) Kat:3, Licht: 0,12774,3,6,2,04,17,4,0,0,0,1,0,0
"POINT (9.722162859000036 52.378551431000062)",Unfall 12794 (2018) Kat:2, Licht: 0,12794,2,2,5,04,09,2,0,0,1,1,0,0
"POINT (9.590541977000044 52.287094461000038)",Unfall 12802 (2018) Kat:3, Licht: 2,12802,3,7,7,04,05,4,0,2,0,1,0,0
"POINT (9.497455567000031 52.421841754000070)",Unfall 12808 (2018) Kat:3, Licht: 0,12808,3,6,3,03,16,7,1,0,0,1,0,0
"POINT (9.793193259000077 52.554177881000044)",Unfall 12814 (2018) Kat:3, Licht: 0,12814,3,6,2,03,14,6,0,0,0,1,0,0
"POINT (9.356864636000069 52.449865529000078)",Unfall 12823 (2018) Kat:3, Licht: 0,12823,3,6,2,03,15,6,0,0,0,1,0,1
"POINT (9.648711683000045 52.412608837000050)",Unfall 12838 (2018) Kat:3, Licht: 0,12838,3,6,2,04,16,6,0,0,0,1,0,0
"POINT (9.807957050000027 52.532831976000068)",Unfall 12839 (2018) Kat:2, Licht: 0,12839,2,6,2,04,10,4,0,0,0,1,0,0
"POINT (9.560514018000049 52.422664289000068)",Unfall 12840 (2018) Kat:3, Licht: 0,12840,3,3,5,04,16,6,0,0,1,1,0,0
"POINT (9.976467391000028 52.375797927000065)",Unfall 12841 (2018) Kat:3, Licht: 0,12841,3,6,2,03,19,1,0,0,0,1,0,0
"POINT (9.889298858000075 52.424076915000057)",Unfall 12845 (2018) Kat:3, Licht: 2,12845,3,1,3,03,04,1,1,2,0,1,0,0
"POINT (9.744498167000074 52.369014208000067)",Unfall 12847 (2018) Kat:3, Licht: 0,12847,3,3,5,04,16,3,0,0,1,0,0,0
"POINT (9.462085022000053 52.305098441000041)",Unfall 12864 (2018) Kat:3, Licht: 0,12864,3,6,2,04,16,1,0,0,0,1,0,0
"POINT (9.329780702000051 52.497050625000043)",Unfall 12879 (2018) Kat:3, Licht: 0,12879,3,7,4,04,06,6,0,0,0,1,0,0
"POINT (9.768921628000044 52.337946232000036)",Unfall 12886 (2018) Kat:3, Licht: 0,12886,3,5,2,04,17,3,0,0,0,1,0,0
"POINT (9.574341003000029 52.271666522000032)",Unfall 12887 (2018) Kat:3, Licht: 0,12887,3,5,2,04,11,7,0,0,0,1,0,0
"POINT (9.800055689000033 52.406781329000069)",Unfall 12916 (2018) Kat:3, Licht: 0,12916,3,1,0,04,19,5,0,0,1,0,0,0
"POINT (9.632951194000043 52.446645869000065)",Unfall 12921 (2018) Kat:2, Licht: 0,12921,2,7,8,04,18,2,0,0,0,1,0,0
"POINT (9.782798924000076 52.428436669000064)",Unfall 12924 (2018) Kat:3, Licht: 0,12924,3,6,3,04,15,4,0,0,0,1,0,0
"POINT (9.725010284000064 52.561895977000063)",Unfall 12952 (2018) Kat:2, Licht: 0,12952,2,6,4,04,16,4,0,0,0,1,0,0
"POINT (9.974384375000057 52.407551728000044)",Unfall 12957 (2018) Kat:3, Licht: 0,12957,3,2,2,04,09,2,0,0,0,1,0,0
"POINT (9.774311244000046 52.371024066000075)",Unfall 12963 (2018) Kat:3, Licht: 0,12963,3,6,2,04,17,4,1,0,0,1,0,0
"POINT (9.485638230000063 52.395311994000053)",Unfall 12967 (2018) Kat:3, Licht: 0,12967,3,6,3,04,13,6,0,0,0,1,0,0
"POINT (9.727649579000058 52.503596707000042)",Unfall 12975 (2018) Kat:3, Licht: 2,12975,3,7,8,03,20,6,0,2,0,1,0,0
"POINT (9.714187933000062 52.361136996000027)",Unfall 12988 (2018) Kat:3, Licht: 0,12988,3,6,2,04,12,6,0,0,0,1,0,0
"POINT (9.474255160000041 52.389270718000034)",Unfall 12996 (2018) Kat:3, Licht: 0,12996,3,3,5,04,14,7,0,0,1,1,0,0
"POINT (9.848593565000044 52.564288178000027)",Unfall 13000 (2018) Kat:3, Licht: 0,13000,3,6,2,04,16,6,0,0,0,1,0,0
"POINT (9.413106607000032 52.333067282000059)",Unfall 13007 (2018) Kat:3, Licht: 0,13007,3,2,2,04,17,3,0,0,0,1,0,0
"POINT (9.751642329000049 52.520600766000030)",Unfall 13019 (2018) Kat:3, Licht: 0,13019,3,3,5,03,17,7,0,0,0,1,0,0
"POINT (9.886466872000028 52.359381367000026)",Unfall 13023 (2018) Kat:3, Licht: 0,13023,3,6,0,04,15,1,0,0,0,1,0,0
"POINT (9.757223037000074 52.370217015000037)",Unfall 13024 (2018) Kat:3, Licht: 0,13024,3,2,5,04,18,1,0,0,1,1,0,0
"POINT (9.750282076000076 52.529926673000034)",Unfall 13026 (2018) Kat:3, Licht: 0,13026,3,2,2,04,09,6,0,0,0,1,0,0
"POINT (9.747738979000076 52.203376465000076)",Unfall 13033 (2018) Kat:2, Licht: 2,13033,2,7,9,04,00,3,1,2,0,1,0,0
"POINT (9.553792406000071 52.317982158000063)",Unfall 13034 (2018) Kat:2, Licht: 0,13034,2,3,5,04,15,7,0,0,0,1,0,0
"POINT (9.743139843000051 52.297240863000070)",Unfall 13043 (2018) Kat:3, Licht: 0,13043,3,6,2,04,13,4,0,0,0,1,0,0
"POINT (9.630447238000045 52.224929259000078)",Unfall 13057 (2018) Kat:2, Licht: 2,13057,2,1,8,04,00,1,0,2,0,0,0,1
"POINT (9.589700541000070 52.439025437000055)",Unfall 13067 (2018) Kat:3, Licht: 0,13067,3,2,5,04,09,5,0,0,0,1,0,0
"POINT (9.732225745000051 52.369676100000049)",Unfall 13070 (2018) Kat:3, Licht: 0,13070,3,3,5,04,17,2,0,0,1,1,0,0
"POINT (9.634208235000074 52.354522535000058)",Unfall 13072 (2018) Kat:2, Licht: 0,13072,2,1,9,04,19,2,0,0,0,1,0,0
"POINT (10.041910181000048 52.307814281000049)",Unfall 13074 (2018) Kat:2, Licht: 0,13074,2,6,4,04,10,4,0,0,0,1,0,0
"POINT (9.791314634000059 52.315332338000076)",Unfall 13080 (2018) Kat:3, Licht: 0,13080,3,3,5,04,09,6,0,0,1,1,0,0
"POINT (10.047740808000071 52.483620362000067)",Unfall 13091 (2018) Kat:3, Licht: 0,13091,3,3,5,04,16,7,0,0,0,1,0,0
"POINT (10.013750874000038 52.517157896000072)",Unfall 13099 (2018) Kat:3, Licht: 0,13099,3,3,5,04,12,7,0,0,0,1,0,0
"POINT (9.650053772000035 52.423922794000077)",Unfall 13100 (2018) Kat:3, Licht: 0,13100,3,1,8,04,08,7,0,0,0,1,0,0
"POINT (9.998420637000038 52.505493856000044)",Unfall 13104 (2018) Kat:3, Licht: 0,13104,3,5,1,04,11,3,0,0,0,1,0,0
"POINT (9.837595735000036 52.490557111000044)",Unfall 13109 (2018) Kat:2, Licht: 0,13109,2,6,2,04,10,4,0,0,0,0,0,0
"POINT (9.401668459000064 52.454353900000058)",Unfall 13118 (2018) Kat:3, Licht: 0,13118,3,2,4,04,06,4,0,0,0,1,0,0
"POINT (10.129590518000043 52.370515263000073)",Unfall 13121 (2018) Kat:2, Licht: 2,13121,2,6,4,04,21,5,1,2,0,1,0,0
"POINT (9.854789311000047 52.390247091000049)",Unfall 13141 (2018) Kat:3, Licht: 0,13141,3,3,6,04,11,7,0,0,0,0,1,0
"POINT (9.963532963000034 52.365467442000067)",Unfall 13142 (2018) Kat:3, Licht: 0,13142,3,2,5,04,12,2,0,0,1,1,0,0
"POINT (10.107100575000061 52.488102941000079)",Unfall 13154 (2018) Kat:3, Licht: 0,13154,3,6,2,04,12,6,0,0,0,1,0,0
"POINT (9.798373447000074 52.412407173000076)",Unfall 13155 (2018) Kat:3, Licht: 0,13155,3,3,5,04,12,2,0,0,1,1,0,0
"POINT (9.626927201000058 52.420802621000064)",Unfall 13157 (2018) Kat:3, Licht: 0,13157,3,6,2,04,15,4,0,0,0,1,0,0
"POINT (9.862114523000059 52.370817398000042)",Unfall 13160 (2018) Kat:3, Licht: 0,13160,3,3,5,04,08,5,1,0,0,1,0,1
"POINT (9.818579676000070 52.516393101000062)",Unfall 13171 (2018) Kat:3, Licht: 0,13171,3,6,2,04,12,6,0,0,0,1,0,0
"POINT (9.747180570000069 52.427465425000037)",Unfall 13181 (2018) Kat:3, Licht: 0,13181,3,6,2,04,12,2,0,0,0,0,0,0
"POINT (9.819318401000032 52.514861806000056)",Unfall 13187 (2018) Kat:3, Licht: 0,13187,3,6,2,04,13,5,0,0,0,0,0,0
"POINT (9.853901402000076 52.491716970000027)",Unfall 13189 (2018) Kat:3, Licht: 0,13189,3,7,0,04,15,1,0,0,0,0,0,1
"POINT (9.750210786000025 52.360515175000046)",Unfall 13192 (2018) Kat:2, Licht: 0,13192,2,2,6,04,10,6,0,0,0,1,1,0
"POINT (9.521331884000063 52.302210809000030)",Unfall 13193 (2018) Kat:3, Licht: 0,13193,3,6,4,04,13,2,0,0,0,1,0,0
"POINT (9.727031645000068 52.427332354000043)",Unfall 13194 (2018) Kat:3, Licht: 0,13194,3,6,2,04,08,3,0,0,0,1,0,0
"POINT (9.492147324000030 52.415821127000072)",Unfall 13199 (2018) Kat:3, Licht: 0,13199,3,6,2,04,17,5,0,0,0,1,0,0
"POINT (9.858299282000075 52.419308371000056)",Unfall 13224 (2018) Kat:3, Licht: 0,13224,3,7,2,04,15,7,0,0,0,1,0,0
"POINT (9.928201824000041 52.347758948000035)",Unfall 13228 (2018) Kat:3, Licht: 0,13228,3,3,5,04,08,3,0,0,1,1,0,0
"POINT (10.060370081000030 52.504521918000080)",Unfall 13233 (2018) Kat:2, Licht: 0,13233,2,1,9,04,16,4,0,0,0,0,0,1
"POINT (9.709591627000066 52.421079854000027)",Unfall 13267 (2018) Kat:3, Licht: 0,13267,3,7,6,04,12,3,0,0,0,0,1,0
"POINT (9.573044173000028 52.424604449000071)",Unfall 13283 (2018) Kat:3, Licht: 0,13283,3,6,2,04,17,4,0,0,0,1,0,0
"POINT (9.763746508000054 52.551335423000069)",Unfall 13286 (2018) Kat:2, Licht: 0,13286,2,3,5,04,17,5,1,0,0,1,0,0
"POINT (9.723436291000041 52.377716641000063)",Unfall 13295 (2018) Kat:3, Licht: 2,13295,3,2,5,04,21,4,0,2,0,1,1,0
"POINT (9.729145669000047 52.584097144000054)",Unfall 13298 (2018) Kat:3, Licht: 0,13298,3,3,5,04,09,5,1,0,0,1,0,0
"POINT (9.395851478000054 52.457161944000063)",Unfall 13308 (2018) Kat:3, Licht: 0,13308,3,6,4,04,18,7,0,0,0,1,0,0
"POINT (9.900039739000022 52.433450660000062)",Unfall 13309 (2018) Kat:3, Licht: 0,13309,3,6,2,04,10,2,0,0,0,1,0,0
"POINT (9.723467897000035 52.427915817000041)",Unfall 13320 (2018) Kat:1, Licht: 2,13320,1,3,2,04,21,6,0,2,0,1,0,1