WKT,Name,OBJECTID,UKATEGORIE,UTYP1,UART,UMONAT,USTUNDE,UWOCHENTAG,STRZUSTAND,ULICHTVERH,ISTRAD,ISTPKW,ISTFUSS,ISTKRAD
"POINT (9.517517625000039 52.413571824000030)",Unfall 14690 (2018) Kat:2, Licht: 0,14690,2,6,2,05,17,4,0,0,0,1,0,1
"POINT (9.792299575000072 52.471457879000070)",Unfall 14704 (2018) Kat:3, Licht: 0,14704,3,2,4,05,15,6,0,0,1,1,0,0
"POINT (9.776625322000029 52.426944349000053)",Unfall 14714 (2018) Kat:3, Licht: 0,14714,3,6,2,05,13,6,0,0,0,1,0,0
"POINT (10.107085607000045 52.382283320000056)",Unfall 14718 (2018) Kat:3, Licht: 0,14718,3,7,2,05,09,3,0,0,1,1,0,0
"POINT (9.771483626000077 52.370875160000026)",Unfall 14725 (2018) Kat:3, Licht: 0,14725,3,6,2,05,10,3,0,0,0,1,0,0
"POINT (9.732519942000067 52.424235259000056)",Unfall 14731 (2018) Kat:3, Licht: 0,14731,3,6,3,05,07,2,0,0,0,1,0,1
"POINT (9.928050279000047 52.439614080000069)",Unfall 14733 (2018) Kat:3, Licht: 0,14733,3,1,8,05,19,5,0,0,0,1,0,0
"POINT (9.647979642000053 52.426931742000079)",Unfall 14745 (2018) Kat:3, Licht: 0,14745,3,6,4,05,14,2,0,0,0,1,0,0
"POINT (9.453958750000027 52.446809898000026)",Unfall 14753 (2018) Kat:1, Licht: 0,14753,1,6,3,05,18,5,0,0,1,0,0,0
"POINT (9.787291262000053 52.355759901000056)",Unfall 14763 (2018) Kat:3, Licht: 0,14763,3,6,2,05,12,6,0,0,0,1,0,1
"POINT (9.805135921000044 52.535902515000032)",Unfall 14775 (2018) Kat:3, Licht: 2,14775,3,1,8,05,23,3,1,2,0,1,0,0
"POINT (9.612561693000032 52.421804516000066)",Unfall 14780 (2018) Kat:3, Licht: 0,14780,3,1,8,05,16,2,0,0,0,0,0,0
"POINT (9.699933520000059 52.347595428000034)",Unfall 14789 (2018) Kat:2, Licht: 0,14789,2,1,0,05,15,4,1,0,0,0,0,1
"POINT (9.627251712000032 52.423135609000042)",Unfall 14792 (2018) Kat:2, Licht: 0,14792,2,6,4,05,10,1,0,0,1,0,0,1
"POINT (9.494866913000067 52.278312533000076)",Unfall 14794 (2018) Kat:2, Licht: 0,14794,2,1,0,05,18,2,0,0,0,0,0,1
"POINT (9.847535664000077 52.274031066000077)",Unfall 14807 (2018) Kat:3, Licht: 0,14807,3,6,2,04,14,7,0,0,0,1,0,0
"POINT (9.855668360000038 52.534144320000053)",Unfall 14809 (2018) Kat:3, Licht: 0,14809,3,6,3,05,17,7,0,0,0,1,0,0
"POINT (9.734904616000051 52.391515463000076)",Unfall 14817 (2018) Kat:3, Licht: 0,14817,3,2,3,04,12,7,0,0,0,1,0,0
"POINT (9.746186415000068 52.184359809000057)",Unfall 14822 (2018) Kat:3, Licht: 0,14822,3,3,5,05,14,1,0,0,0,1,0,0
"POINT (9.610028659000022 52.285674068000048)",Unfall 14825 (2018) Kat:3, Licht: 2,14825,3,6,4,04,01,7,0,2,1,0,0,0
"POINT (9.589410598000029 52.439141330000041)",Unfall 14828 (2018) Kat:3, Licht: 0,14828,3,6,2,04,17,7,0,0,0,1,0,0
"POINT (9.545360590000030 52.310509773000035)",Unfall 14832 (2018) Kat:3, Licht: 0,14832,3,1,8,05,10,4,1,0,0,1,0,0
"POINT (9.601641698000037 52.325691394000046)",Unfall 14851 (2018) Kat:3, Licht: 0,14851,3,3,5,05,10,4,0,0,0,1,0,0
"POINT (9.604548509000040 52.335064336000073)",Unfall 14858 (2018) Kat:3, Licht: 0,14858,3,3,5,05,07,4,0,0,0,1,0,0
"POINT (9.884194781000076 52.398659218000034)",Unfall 14866 (2018) Kat:3, Licht: 0,14866,3,6,2,05,10,5,0,0,0,1,0,0
"POINT (9.628057542000022 52.265659001000074)",Unfall 14870 (2018) Kat:3, Licht: 0,14870,3,6,2,05,07,3,0,0,0,1,0,0
"POINT (9.408135923000032 52.574600609000072)",Unfall 14883 (2018) Kat:3, Licht: 0,14883,3,2,2,05,06,2,0,0,0,1,0,0
"POINT (9.552793139000073 52.421361394000030)",Unfall 14884 (2018) Kat:3, Licht: 0,14884,3,6,2,05,09,4,0,0,0,1,0,0
"POINT (9.801723618000040 52.431821944000035)",Unfall 14885 (2018) Kat:3, Licht: 0,14885,3,2,0,05,14,5,0,0,0,1,1,0
"POINT (9.744570284000076 52.453369631000044)",Unfall 14897 (2018) Kat:3, Licht: 0,14897,3,2,4,05,15,4,0,0,0,1,0,0
"POINT (9.616461938000043 52.354297890000055)",Unfall 14910 (2018) Kat:3, Licht: 0,14910,3,3,5,05,15,6,0,0,1,1,0,0
"POINT (9.728621710000027 52.491653206000080)",Unfall 14914 (2018) Kat:3, Licht: 0,14914,3,1,0,05,18,3,0,0,0,0,0,1
"POINT (9.727545877000068 52.542816692000031)",Unfall 14921 (2018) Kat:3, Licht: 0,14921,3,6,2,05,10,3,0,0,0,1,0,0
"POINT (9.724043180000024 52.391015506000031)",Unfall 14926 (2018) Kat:3, Licht: 0,14926,3,3,5,05,19,2,0,0,1,1,0,0
"POINT (9.545429816000024 52.310602256000038)",Unfall 14928 (2018) Kat:3, Licht: 0,14928,3,1,8,05,16,5,0,0,0,0,0,1
"POINT (10.009398546000057 52.486400037000067)",Unfall 14936 (2018) Kat:3, Licht: 0,14936,3,2,4,05,16,4,0,0,0,1,0,0
"POINT (9.697287441000071 52.341538238000055)",Unfall 14942 (2018) Kat:3, Licht: 0,14942,3,2,2,05,13,2,0,0,0,1,0,0
"POINT (9.730213768000056 52.368958507000059)",Unfall 14949 (2018) Kat:3, Licht: 0,14949,3,3,5,05,14,5,0,0,1,1,0,0
"POINT (9.643331255000021 52.414332229000081)",Unfall 14951 (2018) Kat:3, Licht: 0,14951,3,6,3,05,16,4,0,0,0,1,0,1
"POINT (9.551717423000071 52.362794077000046)",Unfall 14958 (2018) Kat:3, Licht: 0,14958,3,6,2,05,17,3,0,0,0,1,0,0
"POINT (9.652099794000037 52.415321064000068)",Unfall 14960 (2018) Kat:3, Licht: 0,14960,3,3,5,05,07,4,0,0,0,1,0,0
"POINT (9.829889106000053 52.409313666000060)",Unfall 14972 (2018) Kat:3, Licht: 0,14972,3,1,8,05,10,3,0,0,0,1,0,0
"POINT (9.837223251000069 52.276804957000081)",Unfall 14973 (2018) Kat:3, Licht: 0,14973,3,1,0,05,11,1,0,0,1,0,0,0
"POINT (9.457211892000032 52.503162935000034)",Unfall 14987 (2018) Kat:3, Licht: 0,14987,3,6,2,05,19,2,0,0,0,1,0,1
"POINT (9.756930862000047 52.351874188000068)",Unfall 14996 (2018) Kat:3, Licht: 2,14996,3,6,3,05,22,3,0,2,0,1,0,0
"POINT (9.779584573000022 52.327482429000042)",Unfall 15003 (2018) Kat:3, Licht: 0,15003,3,2,5,05,15,4,0,0,1,1,0,0
"POINT (9.469952748000026 52.356239675000040)",Unfall 15011 (2018) Kat:3, Licht: 0,15011,3,3,5,05,09,3,0,0,0,1,0,0
"POINT (9.478055389000076 52.389551038000036)",Unfall 15015 (2018) Kat:2, Licht: 0,15015,2,6,3,05,16,4,0,0,0,1,0,0
"POINT (9.631431949000046 52.421038944000031)",Unfall 15022 (2018) Kat:3, Licht: 0,15022,3,6,2,05,09,3,0,0,0,1,0,0
"POINT (9.633681918000036 52.331065091000028)",Unfall 15056 (2018) Kat:3, Licht: 0,15056,3,6,2,05,15,4,0,0,0,1,0,0
"POINT (9.804797421000046 52.309179468000082)",Unfall 15061 (2018) Kat:3, Licht: 0,15061,3,4,6,05,15,7,0,0,0,1,1,0
"POINT (9.851070466000067 52.391349699000045)",Unfall 15062 (2018) Kat:3, Licht: 0,15062,3,3,0,05,09,7,0,0,1,0,0,0
"POINT (9.758450291000031 52.566806414000041)",Unfall 15063 (2018) Kat:3, Licht: 2,15063,3,1,9,05,22,7,0,2,0,1,0,0
"POINT (9.702222327000072 52.414797524000051)",Unfall 15066 (2018) Kat:2, Licht: 0,15066,2,4,6,05,14,7,0,0,0,1,1,0
"POINT (9.802597432000027 52.436817931000064)",Unfall 15069 (2018) Kat:3, Licht: 0,15069,3,2,6,05,14,3,0,0,0,1,1,0
"POINT (9.782289329000037 52.371993162000081)",Unfall 15071 (2018) Kat:3, Licht: 0,15071,3,3,5,05,13,4,0,0,1,1,0,0
"POINT (9.469526192000046 52.354533878000041)",Unfall 15072 (2018) Kat:3, Licht: 0,15072,3,2,4,05,13,7,0,0,0,1,0,0
"POINT (9.814154596000037 52.338017289000049)",Unfall 15076 (2018) Kat:3, Licht: 0,15076,3,3,5,05,10,7,0,0,1,1,0,0
"POINT (9.603919562000044 52.422783535000065)",Unfall 15082 (2018) Kat:2, Licht: 1,15082,2,6,2,05,20,3,0,1,0,0,0,0
"POINT (9.698666694000053 52.347416582000051)",Unfall 15083 (2018) Kat:3, Licht: 0,15083,3,3,5,05,14,1,0,0,0,1,0,0
"POINT (9.858441194000022 52.306802748000052)",Unfall 15087 (2018) Kat:3, Licht: 0,15087,3,2,2,05,17,6,0,0,0,1,0,0
"POINT (9.398522156000070 52.455218285000058)",Unfall 15099 (2018) Kat:3, Licht: 0,15099,3,7,0,05,13,2,0,0,1,0,0,0
"POINT (9.597504041000036 52.387900617000071)",Unfall 15100 (2018) Kat:3, Licht: 0,15100,3,3,5,05,07,6,0,0,0,1,0,0
"POINT (9.608831042000077 52.443649916000027)",Unfall 15109 (2018) Kat:3, Licht: 0,15109,3,3,5,05,11,6,0,0,1,1,0,0
"POINT (9.761694299000055 52.536526687000048)",Unfall 15113 (2018) Kat:3, Licht: 0,15113,3,1,4,05,12,6,0,0,0,1,0,0
"POINT (9.653654890000041 52.408936675000064)",Unfall 15116 (2018) Kat:3, Licht: 0,15116,3,6,3,05,11,4,0,0,0,1,0,1
"POINT (9.911156286000050 52.357468422000068)",Unfall 15120 (2018) Kat:3, Licht: 0,15120,3,2,4,05,13,6,0,0,0,1,0,0
"POINT (9.734039206000034 52.415541525000037)",Unfall 15124 (2018) Kat:3, Licht: 0,15124,3,6,2,05,15,6,0,0,0,1,0,0
"POINT (9.486814849000041 52.560680970000078)",Unfall 15125 (2018) Kat:2, Licht: 0,15125,2,4,6,05,17,3,0,0,0,1,1,0
"POINT (9.999658750000037 52.387548713000058)",Unfall 15128 (2018) Kat:3, Licht: 0,15128,3,6,6,05,05,4,0,0,0,0,1,0
"POINT (10.117848448000075 52.358622495000077)",Unfall 15132 (2018) Kat:3, Licht: 0,15132,3,3,5,05,07,4,0,0,1,0,0,0
"POINT (9.839241289000029 52.361727346000066)",Unfall 15140 (2018) Kat:3, Licht: 0,15140,3,3,5,05,09,3,0,0,1,1,0,0
"POINT (9.614717292000023 52.568398200000047)",Unfall 15141 (2018) Kat:2, Licht: 0,15141,2,7,0,05,14,1,0,0,1,0,0,0
"POINT (9.758574609000050 52.370298518000027)",Unfall 15158 (2018) Kat:3, Licht: 0,15158,3,3,5,05,18,2,0,0,1,1,0,0
"POINT (9.772009890000049 52.334276834000036)",Unfall 15176 (2018) Kat:3, Licht: 0,15176,3,6,3,05,11,4,0,0,0,1,0,0
"POINT (9.676575507000052 52.441093303000059)",Unfall 15184 (2018) Kat:3, Licht: 0,15184,3,6,2,05,14,3,0,0,0,1,0,0
"POINT (9.762201144000073 52.370416629000033)",Unfall 15187 (2018) Kat:3, Licht: 0,15187,3,2,3,05,17,3,0,0,1,1,0,0
"POINT (9.728068865000068 52.374129695000079)",Unfall 15189 (2018) Kat:2, Licht: 0,15189,2,3,5,05,12,4,0,0,0,1,0,0
"POINT (9.573579381000059 52.422942718000058)",Unfall 15195 (2018) Kat:3, Licht: 2,15195,3,7,9,05,00,3,0,2,0,1,0,0
"POINT (9.792619562000027 52.314372458000037)",Unfall 15214 (2018) Kat:3, Licht: 0,15214,3,6,6,05,13,2,0,0,1,0,1,0
"POINT (9.558772675000057 52.277081747000068)",Unfall 15226 (2018) Kat:3, Licht: 0,15226,3,6,0,05,19,4,0,0,0,1,0,0
"POINT (9.886725028000058 52.297322708000081)",Unfall 15227 (2018) Kat:3, Licht: 0,15227,3,7,3,05,11,3,0,0,0,1,0,0
"POINT (9.775994550000064 52.553365137000071)",Unfall 15244 (2018) Kat:3, Licht: 0,15244,3,7,0,05,11,7,0,0,1,0,0,0
"POINT (9.635492947000046 52.245229453000036)",Unfall 15248 (2018) Kat:3, Licht: 0,15248,3,7,0,05,09,1,0,0,1,0,0,0
"POINT (9.748048335000021 52.452715617000081)",Unfall 15267 (2018) Kat:3, Licht: 0,15267,3,7,0,05,17,2,0,0,1,0,0,0
"POINT (9.718713856000022 52.439715774000035)",Unfall 15285 (2018) Kat:3, Licht: 0,15285,3,6,2,05,11,6,0,0,0,1,0,0
"POINT (10.012332584000035 52.448271098000077)",Unfall 15292 (2018) Kat:3, Licht: 0,15292,3,3,5,05,12,7,0,0,0,1,0,0
"POINT (9.727539947000025 52.623049098000081)",Unfall 15300 (2018) Kat:3, Licht: 0,15300,3,6,8,05,15,1,0,0,0,1,0,0
"POINT (9.583416798000030 52.353042808000055)",Unfall 15308 (2018) Kat:2, Licht: 0,15308,2,3,0,05,12,7,0,0,0,1,0,1
"POINT (9.808571986000061 52.336961707000057)",Unfall 15311 (2018) Kat:3, Licht: 2,15311,3,6,2,05,00,1,0,2,0,1,0,0
"POINT (9.728448432000050 52.368009432000065)",Unfall 15316 (2018) Kat:3, Licht: 0,15316,3,2,4,05,10,2,0,0,1,1,0,0
"POINT (9.733855439000024 52.413941012000066)",Unfall 15330 (2018) Kat:3, Licht: 0,15330,3,3,5,05,10,2,0,0,1,1,0,0
"POINT (9.536817460000066 52.305700333000061)",Unfall 15333 (2018) Kat:3, Licht: 0,15333,3,7,7,05,18,7,0,0,1,0,0,0
"POINT (9.753986699000052 52.370034940000039)",Unfall 15336 (2018) Kat:3, Licht: 0,15336,3,7,0,05,15,6,0,0,1,0,0,0
"POINT (9.649728216000028 52.414809917000071)",Unfall 15337 (2018) Kat:3, Licht: 0,15337,3,6,3,05,15,3,0,0,0,1,0,1
"POINT (9.784221494000065 52.372398443000066)",Unfall 15340 (2018) Kat:3, Licht: 0,15340,3,6,2,05,12,3,0,0,0,1,0,0
"POINT (9.821192189000044 52.339144774000033)",Unfall 15380 (2018) Kat:3, Licht: 0,15380,3,2,5,05,16,5,0,0,1,1,0,0
"POINT (9.746462307000058 52.193323200000066)",Unfall 15381 (2018) Kat:3, Licht: 0,15381,3,6,2,05,13,1,0,0,0,1,0,0
"POINT (9.780520929000033 52.327157960000079)",Unfall 15385 (2018) Kat:3, Licht: 0,15385,3,6,2,05,13,5,0,0,0,1,0,0
"POINT (9.724225142000023 52.379770791000055)",Unfall 15388 (2018) Kat:3, Licht: 0,15388,3,2,3,05,11,5,0,0,1,0,0,0
"POINT (10.028048323000064 52.316344634000075)",Unfall 15391 (2018) Kat:3, Licht: 2,15391,3,7,8,05,02,5,0,2,0,1,0,0
"POINT (9.933908127000052 52.295811373000049)",Unfall 15394 (2018) Kat:3, Licht: 0,15394,3,2,4,05,07,5,0,0,0,1,0,0
"POINT (9.974311900000032 52.400274759000069)",Unfall 15396 (2018) Kat:3, Licht: 0,15396,3,5,2,05,08,5,0,0,0,1,0,0
"POINT (9.729148736000070 52.427402086000029)",Unfall 15397 (2018) Kat:3, Licht: 2,15397,3,7,0,05,02,2,0,2,0,1,0,0
"POINT (9.853699520000021 52.558959154000036)",Unfall 15399 (2018) Kat:3, Licht: 0,15399,3,2,5,05,13,5,0,0,0,1,0,0
"POINT (9.453809735000050 52.504960637000067)",Unfall 15400 (2018) Kat:3, Licht: 0,15400,3,6,0,05,13,2,0,0,0,1,0,0
"POINT (9.822667781000064 52.384391940000057)",Unfall 15402 (2018) Kat:3, Licht: 0,15402,3,7,0,05,16,5,0,0,1,0,0,0
"POINT (9.818074535000051 52.297282256000074)",Unfall 15405 (2018) Kat:3, Licht: 0,15405,3,6,4,05,14,3,0,0,1,0,0,0
"POINT (9.690812253000047 52.331915485000081)",Unfall 15407 (2018) Kat:3, Licht: 0,15407,3,7,8,05,12,5,0,0,0,1,0,0
"POINT (9.472232401000042 52.300149655000041)",Unfall 15420 (2018) Kat:3, Licht: 0,15420,3,3,5,05,14,6,0,0,0,1,0,0
"POINT (9.714572775000022 52.360997057000077)",Unfall 15431 (2018) Kat:3, Licht: 0,15431,3,2,5,05,19,7,0,0,0,1,0,0
"POINT (9.464118598000027 52.339124358000049)",Unfall 15445 (2018) Kat:3, Licht: 0,15445,3,7,0,05,18,1,0,0,0,1,0,0
"POINT (9.619176944000060 52.406067179000047)",Unfall 15451 (2018) Kat:3, Licht: 0,15451,3,3,5,05,08,2,0,0,1,1,0,0
"POINT (9.863277792000076 52.473687679000079)",Unfall 15456 (2018) Kat:3, Licht: 0,15456,3,2,5,05,15,3,0,0,1,1,0,0
"POINT (9.590117992000046 52.278840141000046)",Unfall 15468 (2018) Kat:2, Licht: 0,15468,2,1,8,05,14,2,0,0,0,1,0,0
"POINT (9.438551279000023 52.363530127000047)",Unfall 15474 (2018) Kat:3, Licht: 0,15474,3,1,2,05,11,3,0,0,0,1,0,0
"POINT (9.805109987000037 52.408286077000071)",Unfall 15518 (2018) Kat:3, Licht: 0,15518,3,3,2,05,12,2,0,0,0,1,0,0
"POINT (9.726204806000055 52.388486175000082)",Unfall 15532 (2018) Kat:3, Licht: 0,15532,3,2,5,05,11,2,0,0,1,1,0,0
"POINT (10.096121262000054 52.395545361000075)",Unfall 15534 (2018) Kat:3, Licht: 0,15534,3,2,2,05,09,7,0,0,0,1,0,0
"POINT (9.727535992000071 52.386960271000078)",Unfall 15537 (2018) Kat:3, Licht: 0,15537,3,6,2,05,14,6,0,0,0,1,0,0
"POINT (9.740178524000044 52.427368059000059)",Unfall 15541 (2018) Kat:3, Licht: 0,15541,3,6,8,05,17,3,0,0,0,1,0,0
"POINT (9.793393663000074 52.553808047000075)",Unfall 15564 (2018) Kat:2, Licht: 0,15564,2,6,2,06,16,2,0,0,0,1,0,0
"POINT (9.736058538000066 52.400234937000050)",Unfall 15597 (2018) Kat:3, Licht: 0,15597,3,6,4,06,11,3,0,0,1,1,0,0
"POINT (9.764834071000053 52.342736269000056)",Unfall 15615 (2018) Kat:3, Licht: 0,15615,3,3,5,06,07,3,0,0,1,1,0,0
"POINT (9.732584935000034 52.383715933000076)",Unfall 15616 (2018) Kat:3, Licht: 0,15616,3,6,2,05,12,5,0,0,1,0,0,0
"POINT (9.563855278000062 52.364699565000080)",Unfall 15618 (2018) Kat:3, Licht: 0,15618,3,3,5,05,11,5,0,0,0,1,0,0
"POINT (9.786766430000057 52.389903275000052)",Unfall 15620 (2018) Kat:3, Licht: 0,15620,3,6,2,06,15,4,0,0,0,1,0,0
"POINT (9.476001253000050 52.511059229000068)",Unfall 15621 (2018) Kat:3, Licht: 0,15621,3,3,5,05,14,5,0,0,1,1,0,0
"POINT (9.603626185000053 52.333505601000070)",Unfall 15623 (2018) Kat:3, Licht: 0,15623,3,6,2,06,17,2,0,0,0,1,0,0
"POINT (9.865081133000047 52.363111343000071)",Unfall 15625 (2018) Kat:3, Licht: 0,15625,3,6,2,06,13,4,0,0,0,1,0,0
"POINT (9.977071675000047 52.375221225000075)",Unfall 15626 (2018) Kat:3, Licht: 0,15626,3,7,0,05,15,5,0,0,1,0,0,0
"POINT (9.734027089000051 52.412648664000073)",Unfall 15630 (2018) Kat:3, Licht: 0,15630,3,6,2,05,19,5,0,0,0,1,0,0
"POINT (9.482176271000071 52.392559445000074)",Unfall 15632 (2018) Kat:3, Licht: 0,15632,3,6,2,05,08,5,0,0,0,1,0,0
"POINT (9.855676917000039 52.389246191000041)",Unfall 15633 (2018) Kat:3, Licht: 0,15633,3,6,2,05,16,3,0,0,0,1,0,0
"POINT (9.831626863000054 52.399087023000050)",Unfall 15636 (2018) Kat:3, Licht: 0,15636,3,3,5,06,11,7,0,0,1,0,0,0
"POINT (9.696348981000028 52.379841687000066)",Unfall 15642 (2018) Kat:3, Licht: 2,15642,3,2,5,06,00,2,0,2,0,1,0,0
"POINT (9.763449293000065 52.343832852000048)",Unfall 15643 (2018) Kat:3, Licht: 0,15643,3,6,2,05,17,3,0,0,0,1,0,0
"POINT (9.974021369000070 52.398272495000072)",Unfall 15647 (2018) Kat:3, Licht: 0,15647,3,1,0,06,16,1,0,0,0,0,0,1
"POINT (9.798726170000066 52.396013448000076)",Unfall 15650 (2018) Kat:2, Licht: 0,15650,2,1,8,06,12,6,0,0,0,0,0,0
"POINT (9.785202228000060 52.200429206000081)",Unfall 15679 (2018) Kat:3, Licht: 0,15679,3,3,0,06,19,6,0,0,1,0,0,0
"POINT (10.006471782000062 52.380696816000068)",Unfall 15694 (2018) Kat:3, Licht: 1,15694,3,2,4,06,20,6,0,1,0,1,0,0
"POINT (10.017580898000062 52.358294496000042)",Unfall 15698 (2018) Kat:2, Licht: 2,15698,2,1,8,06,00,3,0,2,0,1,0,0
"POINT (9.917763891000050 52.395130779000056)",Unfall 15701 (2018) Kat:3, Licht: 0,15701,3,6,2,06,19,3,0,0,0,0,0,0
"POINT (9.389659371000050 52.458240672000045)",Unfall 15706 (2018) Kat:3, Licht: 1,15706,3,1,8,06,21,4,0,1,0,1,0,0
"POINT (9.726351017000070 52.380819971000051)",Unfall 15715 (2018) Kat:3, Licht: 2,15715,3,3,5,05,22,3,0,2,1,1,0,0
"POINT (9.485725089000027 52.269553726000026)",Unfall 15718 (2018) Kat:2, Licht: 0,15718,2,6,2,06,15,7,0,0,1,1,0,1
"POINT (9.702244053000072 52.380138463000037)",Unfall 15728 (2018) Kat:3, Licht: 0,15728,3,1,0,06,09,4,0,0,0,1,0,1
"POINT (9.722471326000061 52.378480986000056)",Unfall 15731 (2018) Kat:3, Licht: 0,15731,3,3,0,06,20,2,0,0,0,1,0,1
"POINT (9.466732341000068 52.321656167000071)",Unfall 15765 (2018) Kat:3, Licht: 0,15765,3,6,2,06,06,6,0,0,0,1,0,1
"POINT (9.724934080000026 52.376768374000051)",Unfall 15786 (2018) Kat:2, Licht: 0,15786,2,3,5,06,16,3,0,0,0,1,0,1
"POINT (9.846102382000026 52.329906553000058)",Unfall 15787 (2018) Kat:3, Licht: 0,15787,3,2,3,05,18,4,0,0,1,1,0,0
"POINT (9.775535823000041 52.193825591000063)",Unfall 15789 (2018) Kat:3, Licht: 0,15789,3,7,0,05,16,4,0,0,1,0,0,0
"POINT (9.791645157000062 52.430213793000064)",Unfall 15791 (2018) Kat:3, Licht: 0,15791,3,6,2,06,17,4,0,0,0,1,0,0
"POINT (9.456495077000056 52.495475184000043)",Unfall 15792 (2018) Kat:3, Licht: 0,15792,3,3,5,05,13,4,0,0,0,1,0,1
"POINT (9.625998445000050 52.394084799000041)",Unfall 15794 (2018) Kat:3, Licht: 0,15794,3,3,1,06,17,2,0,0,0,1,0,1
"POINT (9.963665857000024 52.314001859000030)",Unfall 15797 (2018) Kat:3, Licht: 0,15797,3,3,5,05,09,4,0,0,1,1,0,0
"POINT (9.834419165000043 52.305535201000055)",Unfall 15799 (2018) Kat:3, Licht: 0,15799,3,1,8,05,19,4,0,0,0,1,0,0
"POINT (9.971259460000056 52.389934199000038)",Unfall 15803 (2018) Kat:3, Licht: 0,15803,3,1,9,05,18,4,0,0,0,1,0,0
"POINT (9.651151244000062 52.424526508000042)",Unfall 15805 (2018) Kat:3, Licht: 0,15805,3,6,2,05,15,4,0,0,0,1,0,0
"POINT (9.714009184000076 52.314837252000075)",Unfall 15808 (2018) Kat:2, Licht: 0,15808,2,2,3,05,13,4,0,0,1,1,0,0
"POINT (9.722557975000029 52.358059751000042)",Unfall 15809 (2018) Kat:3, Licht: 2,15809,3,3,5,06,23,7,0,2,1,0,0,0
"POINT (9.813847519000035 52.365003437000041)",Unfall 15813 (2018) Kat:3, Licht: 0,15813,3,3,5,05,07,4,0,0,1,1,0,0
"POINT (9.817919831000040 52.409263730000077)",Unfall 15815 (2018) Kat:3, Licht: 0,15815,3,7,0,06,12,2,0,0,1,0,0,0
"POINT (9.735245800000030 52.394478485000036)",Unfall 15819 (2018) Kat:3, Licht: 0,15819,3,6,2,06,11,6,1,0,0,1,0,0
"POINT (9.456465289000050 52.504960679000078)",Unfall 15820 (2018) Kat:3, Licht: 0,15820,3,2,5,06,18,1,0,0,0,1,0,0
"POINT (9.722800943000038 52.456623086000036)",Unfall 15840 (2018) Kat:3, Licht: 2,15840,3,6,2,06,01,1,0,2,0,1,0,0
"POINT (9.585467466000068 52.435311184000057)",Unfall 15842 (2018) Kat:3, Licht: 0,15842,3,2,2,06,11,6,1,0,0,1,0,0
"POINT (9.491856043000041 52.415969668000059)",Unfall 15853 (2018) Kat:3, Licht: 2,15853,3,3,5,06,22,3,0,2,0,1,0,1
"POINT (9.826298683000061 52.289661948000060)",Unfall 15856 (2018) Kat:3, Licht: 0,15856,3,4,6,06,18,6,0,0,0,1,1,0
"POINT (9.765526322000028 52.341532472000040)",Unfall 15874 (2018) Kat:3, Licht: 0,15874,3,2,5,06,07,3,0,0,1,0,0,0
"POINT (9.722597550000046 52.368317113000046)",Unfall 15879 (2018) Kat:3, Licht: 0,15879,3,2,3,06,10,4,0,0,0,1,0,1
"POINT (9.734593901000039 52.391458642000032)",Unfall 15884 (2018) Kat:3, Licht: 0,15884,3,2,5,06,15,4,0,0,1,1,0,0
"POINT (9.646380358000045 52.401285211000072)",Unfall 15893 (2018) Kat:3, Licht: 0,15893,3,2,2,05,16,3,0,0,0,1,0,0
"POINT (9.573955139000077 52.643093461000035)",Unfall 15896 (2018) Kat:3, Licht: 0,15896,3,1,0,06,07,7,0,0,1,0,0,0
"POINT (9.855763067000055 52.473850413000036)",Unfall 15909 (2018) Kat:3, Licht: 0,15909,3,6,2,06,14,2,0,0,0,1,0,0
"POINT (10.014832149000028 52.451784528000076)",Unfall 15929 (2018) Kat:2, Licht: 0,15929,2,7,5,06,19,1,0,0,1,1,0,0
"POINT (9.780514767000057 52.269989102000068)",Unfall 15937 (2018) Kat:3, Licht: 0,15937,3,2,2,06,11,6,0,0,0,1,0,0
"POINT (9.653997388000050 52.358087240000032)",Unfall 15951 (2018) Kat:3, Licht: 0,15951,3,4,0,06,19,6,0,0,0,1,1,0
"POINT (9.894779198000038 52.414750290000029)",Unfall 15959 (2018) Kat:3, Licht: 0,15959,3,6,2,06,17,3,0,0,0,1,0,0
"POINT (9.975651958000071 52.372485167000036)",Unfall 15964 (2018) Kat:3, Licht: 0,15964,3,3,5,06,12,4,0,0,1,1,0,0
"POINT (9.954236888000025 52.321787649000044)",Unfall 15972 (2018) Kat:3, Licht: 0,15972,3,2,5,05,12,3,0,0,1,1,0,0
"POINT (10.014471171000025 52.315834497000026)",Unfall 15975 (2018) Kat:2, Licht: 0,15975,2,7,9,06,12,5,0,0,0,1,0,0
"POINT (9.696377055000028 52.379813624000064)",Unfall 15992 (2018) Kat:3, Licht: 2,15992,3,2,5,06,02,7,0,2,0,1,0,0
"POINT (9.897972620000076 52.350511858000061)",Unfall 16000 (2018) Kat:3, Licht: 0,16000,3,3,5,06,20,3,0,0,1,0,0,0
"POINT (9.648291511000025 52.412759429000062)",Unfall 16011 (2018) Kat:3, Licht: 0,16011,3,2,5,06,06,3,0,0,0,1,0,1
"POINT (9.646819087000040 52.413583701000050)",Unfall 16023 (2018) Kat:3, Licht: 0,16023,3,6,2,06,08,5,0,0,0,1,0,0
"POINT (9.733905660000062 52.369108317000041)",Unfall 16028 (2018) Kat:3, Licht: 0,16028,3,5,1,06,12,6,0,0,0,1,0,0