WKT,Name,OBJECTID,UKATEGORIE,UTYP1,UART,UMONAT,USTUNDE,UWOCHENTAG,STRZUSTAND,ULICHTVERH,ISTRAD,ISTPKW,ISTFUSS,ISTKRAD
"POINT (9.724599521000073 52.242962515000045)",Unfall 16032 (2018) Kat:3, Licht: 0,16032,3,2,2,06,09,6,0,0,0,1,0,0
"POINT (9.591121984000040 52.399579115000051)",Unfall 16036 (2018) Kat:3, Licht: 0,16036,3,3,5,06,15,6,0,0,1,1,0,0
"POINT (9.648092897000026 52.412636063000036)",Unfall 16037 (2018) Kat:3, Licht: 0,16037,3,6,2,06,08,6,0,0,0,1,0,0
"POINT (9.723477003000028 52.552805272000057)",Unfall 16041 (2018) Kat:3, Licht: 2,16041,3,5,1,06,02,6,0,2,0,1,0,0
"POINT (9.492075520000071 52.415857953000057)",Unfall 16042 (2018) Kat:3, Licht: 0,16042,3,6,2,06,20,5,1,0,0,1,0,0
"POINT (9.992267148000053 52.414463540000042)",Unfall 16045 (2018) Kat:3, Licht: 0,16045,3,1,8,06,11,6,0,0,0,1,0,0
"POINT (9.747518681000031 52.452713587000062)",Unfall 16047 (2018) Kat:3, Licht: 1,16047,3,7,0,06,21,6,0,1,1,0,0,0
"POINT (9.776858030000028 52.518539912000051)",Unfall 16049 (2018) Kat:3, Licht: 0,16049,3,6,8,06,06,4,0,0,0,1,0,0
"POINT (9.732131886000047 52.369107720000045)",Unfall 16050 (2018) Kat:3, Licht: 0,16050,3,7,8,06,15,6,0,0,1,1,0,0
"POINT (9.790114601000028 52.467635480000069)",Unfall 16051 (2018) Kat:3, Licht: 0,16051,3,3,0,06,15,6,0,0,1,1,0,0
"POINT (9.694647764000024 52.419603582000036)",Unfall 16055 (2018) Kat:2, Licht: 2,16055,2,3,5,06,23,4,0,2,1,1,0,0
"POINT (9.720652391000044 52.338793721000059)",Unfall 16056 (2018) Kat:3, Licht: 0,16056,3,6,2,06,13,6,0,0,0,1,0,0
"POINT (9.793526485000029 52.415319801000066)",Unfall 16057 (2018) Kat:3, Licht: 0,16057,3,6,2,06,12,6,0,0,0,1,0,0
"POINT (9.740407854000068 52.461701938000033)",Unfall 16058 (2018) Kat:3, Licht: 2,16058,3,6,6,06,00,1,0,2,1,0,1,0
"POINT (10.007162070000049 52.385665642000049)",Unfall 16061 (2018) Kat:3, Licht: 0,16061,3,6,2,06,12,6,0,0,0,1,0,0
"POINT (9.815826092000066 52.403210922000028)",Unfall 16063 (2018) Kat:3, Licht: 0,16063,3,6,2,06,16,5,0,0,0,1,0,0
"POINT (9.647511923000025 52.413398370000039)",Unfall 16067 (2018) Kat:3, Licht: 0,16067,3,6,2,06,09,6,0,0,0,1,0,0
"POINT (9.431621116000031 52.422588826000037)",Unfall 16068 (2018) Kat:2, Licht: 0,16068,2,7,0,06,09,6,0,0,0,1,0,0
"POINT (9.714324806000036 52.362150286000031)",Unfall 16087 (2018) Kat:3, Licht: 0,16087,3,2,3,06,20,7,0,0,0,1,0,0
"POINT (9.409799175000046 52.533981603000029)",Unfall 16088 (2018) Kat:3, Licht: 0,16088,3,6,2,06,15,2,0,0,0,1,0,0
"POINT (9.663650732000065 52.376973611000039)",Unfall 16114 (2018) Kat:2, Licht: 0,16114,2,1,0,06,09,3,0,0,0,0,0,1
"POINT (9.626705045000051 52.211435790000053)",Unfall 16123 (2018) Kat:3, Licht: 0,16123,3,3,5,06,20,4,0,0,1,1,0,0
"POINT (10.124471406000055 52.372350856000082)",Unfall 16132 (2018) Kat:3, Licht: 0,16132,3,6,2,06,09,5,0,0,0,1,0,0
"POINT (9.664208225000039 52.376963408000051)",Unfall 16138 (2018) Kat:3, Licht: 1,16138,3,6,3,06,20,5,1,1,0,1,0,0
"POINT (9.945606054000052 52.441842216000055)",Unfall 16145 (2018) Kat:1, Licht: 0,16145,1,1,9,06,16,4,0,0,1,0,0,0
"POINT (9.794836666000037 52.371385431000078)",Unfall 16150 (2018) Kat:3, Licht: 0,16150,3,1,0,06,13,1,1,0,0,0,0,1
"POINT (9.783232957000053 52.323250917000053)",Unfall 16156 (2018) Kat:3, Licht: 0,16156,3,6,2,06,18,7,0,0,0,1,0,0
"POINT (9.669006697000043 52.345723010000029)",Unfall 16180 (2018) Kat:2, Licht: 0,16180,2,3,5,06,07,7,0,0,1,1,0,0
"POINT (9.691874609000024 52.360930927000027)",Unfall 16181 (2018) Kat:3, Licht: 0,16181,3,6,6,06,08,2,0,0,1,0,1,0
"POINT (9.743494104000035 52.537201413000048)",Unfall 16189 (2018) Kat:3, Licht: 0,16189,3,6,2,06,09,3,0,0,0,1,0,0
"POINT (9.885600628000077 52.297998973000063)",Unfall 16211 (2018) Kat:3, Licht: 2,16211,3,7,7,06,02,3,0,2,0,0,0,0
"POINT (9.900257454000041 52.301588937000076)",Unfall 16220 (2018) Kat:3, Licht: 0,16220,3,2,2,06,07,4,0,0,0,1,0,0
"POINT (9.754315454000050 52.355355114000076)",Unfall 16232 (2018) Kat:3, Licht: 0,16232,3,2,3,06,16,5,0,0,1,1,0,0
"POINT (9.890035713000032 52.363160564000054)",Unfall 16239 (2018) Kat:3, Licht: 0,16239,3,6,2,06,14,4,0,0,0,1,0,0
"POINT (9.863437041000054 52.374084149000055)",Unfall 16240 (2018) Kat:3, Licht: 0,16240,3,6,2,06,17,5,0,0,0,1,0,1
"POINT (9.700034400000050 52.416219159000036)",Unfall 16241 (2018) Kat:3, Licht: 0,16241,3,2,5,06,13,5,0,0,1,1,0,0
"POINT (9.821567608000066 52.339205028000038)",Unfall 16244 (2018) Kat:3, Licht: 2,16244,3,3,5,06,00,1,0,2,0,1,0,0
"POINT (9.554408266000053 52.401613072000032)",Unfall 16247 (2018) Kat:3, Licht: 0,16247,3,3,5,06,11,5,0,0,1,1,0,0
"POINT (9.971164135000038 52.314895121000063)",Unfall 16249 (2018) Kat:3, Licht: 0,16249,3,2,2,06,16,7,0,0,0,1,0,0
"POINT (9.607485363000023 52.309518631000060)",Unfall 16250 (2018) Kat:3, Licht: 0,16250,3,2,5,06,11,5,0,0,0,1,0,0
"POINT (9.610609787000044 52.296749148000060)",Unfall 16252 (2018) Kat:3, Licht: 0,16252,3,1,2,06,15,1,0,0,1,0,0,0
"POINT (9.480278485000042 52.377252533000046)",Unfall 16255 (2018) Kat:3, Licht: 2,16255,3,7,6,06,23,5,0,2,0,1,1,0
"POINT (10.118137556000022 52.363674876000061)",Unfall 16256 (2018) Kat:3, Licht: 0,16256,3,6,2,06,07,5,0,0,0,0,0,0
"POINT (9.628769602000034 52.561711530000082)",Unfall 16259 (2018) Kat:3, Licht: 0,16259,3,6,3,06,20,5,0,0,1,0,0,0
"POINT (9.735943728000052 52.584101597000029)",Unfall 16261 (2018) Kat:3, Licht: 0,16261,3,3,5,06,14,5,0,0,0,1,0,1
"POINT (9.739376231000051 52.453266484000039)",Unfall 16262 (2018) Kat:3, Licht: 0,16262,3,3,5,06,17,5,0,0,0,1,0,0
"POINT (10.004601702000059 52.499248837000039)",Unfall 16266 (2018) Kat:2, Licht: 0,16266,2,6,3,06,17,5,0,0,0,1,0,0
"POINT (9.876271471000052 52.351886429000047)",Unfall 16267 (2018) Kat:3, Licht: 0,16267,3,6,2,06,19,5,0,0,0,1,0,0
"POINT (9.784373745000039 52.428900797000040)",Unfall 16274 (2018) Kat:3, Licht: 0,16274,3,6,2,06,07,5,0,0,0,1,0,0
"POINT (9.602298835000056 52.199983998000050)",Unfall 16282 (2018) Kat:3, Licht: 0,16282,3,5,1,06,14,2,0,0,1,1,0,0
"POINT (9.720989331000055 52.341352099000062)",Unfall 16294 (2018) Kat:3, Licht: 0,16294,3,6,2,06,16,3,0,0,0,1,0,0
"POINT (9.635374555000055 52.418055112000047)",Unfall 16309 (2018) Kat:3, Licht: 0,16309,3,6,2,06,06,5,0,0,0,1,0,0
"POINT (9.977295294000044 52.375073050000026)",Unfall 16314 (2018) Kat:3, Licht: 0,16314,3,3,5,06,16,3,0,0,0,1,0,0
"POINT (9.431980241000076 52.422425959000066)",Unfall 16323 (2018) Kat:3, Licht: 0,16323,3,3,5,06,08,4,0,0,1,1,0,0
"POINT (9.741314867000028 52.299695469000028)",Unfall 16331 (2018) Kat:3, Licht: 0,16331,3,5,5,06,08,5,0,0,1,1,0,0
"POINT (9.781413859000054 52.425051616000076)",Unfall 16343 (2018) Kat:2, Licht: 0,16343,2,7,1,06,17,4,0,0,0,1,0,0
"POINT (9.810119353000061 52.334014411000055)",Unfall 16347 (2018) Kat:3, Licht: 2,16347,3,6,2,06,23,1,0,2,0,1,0,0
"POINT (10.128881375000049 52.363211984000031)",Unfall 16368 (2018) Kat:2, Licht: 0,16368,2,6,2,06,20,5,0,0,0,1,0,0
"POINT (9.809306982000067 52.379550214000062)",Unfall 16376 (2018) Kat:2, Licht: 0,16376,2,6,6,06,12,7,0,0,1,0,1,0
"POINT (9.740206014000023 52.368028656000035)",Unfall 16377 (2018) Kat:3, Licht: 0,16377,3,2,0,06,15,2,0,0,1,1,0,0
"POINT (9.733645559000024 52.418523714000059)",Unfall 16384 (2018) Kat:3, Licht: 0,16384,3,3,5,06,16,3,0,0,0,1,0,0
"POINT (9.442856239000037 52.573255920000065)",Unfall 16412 (2018) Kat:3, Licht: 1,16412,3,1,8,06,19,4,1,1,0,1,0,0
"POINT (9.429827742000043 52.426608305000059)",Unfall 16416 (2018) Kat:3, Licht: 0,16416,3,6,2,06,17,1,0,0,0,1,0,0
"POINT (9.783437180000021 52.323229308000066)",Unfall 16426 (2018) Kat:3, Licht: 0,16426,3,4,6,06,17,5,0,0,0,0,1,1
"POINT (9.797561163000069 52.416369382000028)",Unfall 16433 (2018) Kat:3, Licht: 0,16433,3,3,5,06,13,4,0,0,0,1,0,0
"POINT (9.791248196000026 52.315389798000069)",Unfall 16437 (2018) Kat:2, Licht: 0,16437,2,1,0,06,11,1,1,0,0,0,0,1
"POINT (9.517984779000074 52.407015823000052)",Unfall 16443 (2018) Kat:3, Licht: 0,16443,3,2,5,06,15,7,0,0,1,1,0,0
"POINT (9.816735659000074 52.284909207000055)",Unfall 16444 (2018) Kat:3, Licht: 0,16444,3,6,2,06,16,2,0,0,0,1,0,0
"POINT (9.974893795000071 52.401529090000054)",Unfall 16451 (2018) Kat:3, Licht: 0,16451,3,1,0,06,13,6,1,0,0,0,0,1
"POINT (9.973833023000054 52.384812008000040)",Unfall 16452 (2018) Kat:3, Licht: 0,16452,3,6,3,06,16,2,0,0,0,1,0,1
"POINT (9.804026807000071 52.397183830000074)",Unfall 16453 (2018) Kat:3, Licht: 0,16453,3,6,2,06,14,4,0,0,0,1,0,0
"POINT (9.858649302000060 52.306818397000029)",Unfall 16461 (2018) Kat:3, Licht: 0,16461,3,6,2,06,19,3,0,0,0,1,0,0
"POINT (9.723390706000032 52.377741018000052)",Unfall 16475 (2018) Kat:3, Licht: 0,16475,3,2,2,06,16,6,0,0,0,1,0,1
"POINT (9.771483626000077 52.370875160000026)",Unfall 16478 (2018) Kat:3, Licht: 0,16478,3,6,2,06,15,1,0,0,0,1,0,0
"POINT (9.534329235000030 52.461609555000052)",Unfall 16485 (2018) Kat:3, Licht: 0,16485,3,1,9,06,07,7,1,0,0,1,0,0
"POINT (9.690626987000030 52.376962790000050)",Unfall 16487 (2018) Kat:2, Licht: 0,16487,2,3,5,06,07,3,1,0,1,1,0,0
"POINT (9.671657546000063 52.382442558000037)",Unfall 16501 (2018) Kat:3, Licht: 0,16501,3,2,3,06,07,5,0,0,1,1,0,0
"POINT (9.606988592000050 52.311527193000074)",Unfall 16502 (2018) Kat:3, Licht: 0,16502,3,3,5,06,20,1,0,0,0,1,0,0
"POINT (9.727558547000058 52.590242347000071)",Unfall 16507 (2018) Kat:3, Licht: 0,16507,3,2,4,06,15,1,0,0,0,1,0,0
"POINT (9.734402080000052 52.389465322000035)",Unfall 16509 (2018) Kat:3, Licht: 2,16509,3,5,1,06,22,1,0,2,0,1,0,1
"POINT (9.764026568000077 52.551428208000061)",Unfall 16510 (2018) Kat:3, Licht: 0,16510,3,2,2,06,15,3,0,0,0,1,0,0
"POINT (9.783738587000073 52.382181626000033)",Unfall 16514 (2018) Kat:3, Licht: 1,16514,3,7,2,06,21,1,0,1,0,1,0,0
"POINT (9.743477397000049 52.368131307000056)",Unfall 16527 (2018) Kat:2, Licht: 2,16527,2,1,0,06,23,5,0,2,1,0,0,0
"POINT (9.429992099000060 52.426141801000028)",Unfall 16533 (2018) Kat:3, Licht: 0,16533,3,6,2,06,08,6,1,0,0,1,0,0
"POINT (9.719963946000064 52.344604029000038)",Unfall 16534 (2018) Kat:3, Licht: 0,16534,3,6,2,06,15,2,0,0,0,1,0,1
"POINT (9.515707372000065 52.278205611000033)",Unfall 16535 (2018) Kat:3, Licht: 0,16535,3,6,2,06,18,4,0,0,0,1,0,0
"POINT (9.814174067000067 52.338020350000079)",Unfall 16543 (2018) Kat:3, Licht: 0,16543,3,7,0,06,16,4,0,0,1,0,0,0
"POINT (9.860429171000021 52.517351943000051)",Unfall 16560 (2018) Kat:3, Licht: 0,16560,3,3,5,06,13,6,1,0,0,1,0,0
"POINT (9.711185723000028 52.405758663000029)",Unfall 16561 (2018) Kat:3, Licht: 0,16561,3,3,5,06,14,2,0,0,1,1,0,0
"POINT (9.820444398000063 52.512033022000026)",Unfall 16562 (2018) Kat:3, Licht: 0,16562,3,6,2,06,15,4,0,0,0,1,0,0
"POINT (9.751362462000031 52.369475456000032)",Unfall 16563 (2018) Kat:3, Licht: 0,16563,3,1,0,06,07,1,0,0,0,1,0,0
"POINT (9.608540532000063 52.392526504000045)",Unfall 16570 (2018) Kat:3, Licht: 0,16570,3,7,0,06,14,7,0,0,1,1,0,0
"POINT (10.008018042000060 52.488015880000034)",Unfall 16572 (2018) Kat:3, Licht: 0,16572,3,2,4,06,08,3,1,0,0,1,0,0
"POINT (9.719379272000026 52.574507324000081)",Unfall 16589 (2018) Kat:2, Licht: 2,16589,2,5,0,06,02,1,0,2,0,1,0,0
"POINT (9.720026947000065 52.330682399000068)",Unfall 16594 (2018) Kat:3, Licht: 0,16594,3,6,2,06,16,3,0,0,0,1,0,0
"POINT (9.699878779000073 52.416322718000060)",Unfall 16595 (2018) Kat:2, Licht: 0,16595,2,1,8,06,17,7,0,0,0,0,0,1
"POINT (9.735833308000053 52.399491393000062)",Unfall 16620 (2018) Kat:3, Licht: 0,16620,3,6,2,06,16,3,0,0,0,1,0,1
"POINT (9.490599908000036 52.487279321000074)",Unfall 16639 (2018) Kat:3, Licht: 0,16639,3,1,8,06,17,5,1,0,0,1,0,0
"POINT (9.734643779000066 52.308772542000042)",Unfall 16646 (2018) Kat:3, Licht: 0,16646,3,7,5,06,15,5,0,0,0,1,0,0
"POINT (9.646401970000056 52.401097230000062)",Unfall 16654 (2018) Kat:3, Licht: 0,16654,3,2,3,06,16,4,0,0,1,1,0,0
"POINT (9.748304590000032 52.362976504000073)",Unfall 16673 (2018) Kat:3, Licht: 0,16673,3,4,6,06,15,6,0,0,0,1,1,0
"POINT (9.864725470000053 52.308102384000051)",Unfall 16677 (2018) Kat:3, Licht: 0,16677,3,6,2,06,14,1,0,0,0,1,0,0
"POINT (9.727618027000062 52.542649635000032)",Unfall 16680 (2018) Kat:3, Licht: 0,16680,3,6,2,06,12,6,0,0,0,1,0,0
"POINT (9.466821982000056 52.421412214000043)",Unfall 16681 (2018) Kat:3, Licht: 0,16681,3,6,2,06,17,2,0,0,0,1,0,0
"POINT (9.973952489000055 52.370381226000063)",Unfall 16682 (2018) Kat:3, Licht: 0,16682,3,5,1,06,13,4,0,0,0,1,0,0
"POINT (9.695234637000056 52.374772938000035)",Unfall 16691 (2018) Kat:3, Licht: 0,16691,3,3,0,06,21,3,0,0,1,0,1,0
"POINT (9.623588751000057 52.220245710000029)",Unfall 16693 (2018) Kat:3, Licht: 0,16693,3,6,3,06,14,7,0,0,0,1,0,0
"POINT (9.724902637000071 52.241490702000078)",Unfall 16698 (2018) Kat:2, Licht: 0,16698,2,7,9,06,17,7,0,0,0,1,0,0
"POINT (9.896046853000030 52.397558913000069)",Unfall 16702 (2018) Kat:2, Licht: 2,16702,2,7,8,06,00,1,0,2,0,0,0,0
"POINT (9.755149363000044 52.436235390000036)",Unfall 16707 (2018) Kat:3, Licht: 0,16707,3,3,5,06,08,7,0,0,0,1,0,1
"POINT (9.486150495000061 52.626558969000030)",Unfall 16708 (2018) Kat:3, Licht: 0,16708,3,3,5,06,06,3,0,0,0,1,0,0
"POINT (9.562773890000074 52.459201079000081)",Unfall 16715 (2018) Kat:3, Licht: 0,16715,3,3,5,06,07,7,1,0,1,1,0,0
"POINT (9.792375328000048 52.314595222000037)",Unfall 16717 (2018) Kat:2, Licht: 0,16717,2,4,6,06,11,3,0,0,0,0,1,0
"POINT (9.585118074000036 52.423703489000047)",Unfall 16734 (2018) Kat:3, Licht: 1,16734,3,6,2,06,04,3,0,1,0,1,0,0
"POINT (9.478332990000070 52.386289568000052)",Unfall 16759 (2018) Kat:3, Licht: 0,16759,3,6,2,06,13,5,1,0,0,1,0,1
"POINT (9.494212306000065 52.324414223000076)",Unfall 16765 (2018) Kat:2, Licht: 0,16765,2,1,9,06,14,6,0,0,0,1,0,0
"POINT (9.512126366000075 52.292100705000053)",Unfall 16767 (2018) Kat:3, Licht: 0,16767,3,1,0,06,21,4,0,0,0,0,0,1
"POINT (9.744227771000055 52.455684746000031)",Unfall 16786 (2018) Kat:2, Licht: 0,16786,2,4,6,06,08,5,1,0,0,0,1,0
"POINT (9.753808040000024 52.452709320000054)",Unfall 16792 (2018) Kat:3, Licht: 0,16792,3,2,5,06,20,6,0,0,0,1,0,0
"POINT (9.463614883000048 52.423430917000076)",Unfall 16794 (2018) Kat:2, Licht: 0,16794,2,7,4,06,15,2,0,0,0,1,0,0
"POINT (9.878640469000061 52.353425356000059)",Unfall 16795 (2018) Kat:3, Licht: 0,16795,3,6,2,06,15,4,0,0,0,0,0,0
"POINT (9.732945323000024 52.421052744000065)",Unfall 16803 (2018) Kat:3, Licht: 0,16803,3,7,0,06,10,7,1,0,0,0,0,1
"POINT (9.783437180000021 52.323229308000066)",Unfall 16805 (2018) Kat:3, Licht: 0,16805,3,3,5,06,17,3,0,0,1,1,0,0
"POINT (9.680455979000044 52.380943598000044)",Unfall 16820 (2018) Kat:3, Licht: 0,16820,3,3,5,06,15,6,0,0,1,1,0,0
"POINT (9.732345553000073 52.383433044000071)",Unfall 16823 (2018) Kat:3, Licht: 0,16823,3,3,5,06,13,1,0,0,1,1,0,0
"POINT (9.752378381000028 52.357697276000067)",Unfall 16829 (2018) Kat:3, Licht: 2,16829,3,7,3,06,23,7,0,2,1,1,0,0
"POINT (9.688279141000066 52.378390474000071)",Unfall 16847 (2018) Kat:3, Licht: 0,16847,3,3,0,06,11,5,1,0,0,0,0,1
"POINT (9.678034093000065 52.367192424000052)",Unfall 16848 (2018) Kat:3, Licht: 0,16848,3,1,0,06,14,2,0,0,1,0,0,0
"POINT (9.628841491000060 52.229532362000043)",Unfall 16857 (2018) Kat:3, Licht: 0,16857,3,7,0,06,16,2,0,0,0,1,0,0
"POINT (9.619655685000055 52.211026489000062)",Unfall 16859 (2018) Kat:2, Licht: 0,16859,2,2,4,06,17,3,0,0,0,1,0,0
"POINT (9.859215505000066 52.487234996000041)",Unfall 16871 (2018) Kat:3, Licht: 0,16871,3,3,5,06,11,2,0,0,1,1,0,0
"POINT (9.815166447000024 52.363735265000059)",Unfall 16877 (2018) Kat:3, Licht: 0,16877,3,3,5,06,20,5,0,0,1,1,0,0
"POINT (9.723669834000077 52.553931421000073)",Unfall 16883 (2018) Kat:3, Licht: 0,16883,3,6,8,06,12,6,1,0,0,1,0,0
"POINT (9.721809257000075 52.391710870000054)",Unfall 16884 (2018) Kat:3, Licht: 0,16884,3,3,5,06,17,2,0,0,1,1,0,0
"POINT (9.589516318000051 52.439099073000079)",Unfall 16885 (2018) Kat:3, Licht: 0,16885,3,6,2,06,07,4,0,0,0,1,0,0
"POINT (9.795119857000032 52.351226834000045)",Unfall 16891 (2018) Kat:3, Licht: 0,16891,3,6,2,06,08,4,0,0,0,1,0,0
"POINT (9.864763839000034 52.308116641000026)",Unfall 16893 (2018) Kat:3, Licht: 0,16893,3,6,2,06,11,6,0,0,0,1,0,0
"POINT (9.585172897000064 52.278245653000056)",Unfall 16896 (2018) Kat:2, Licht: 0,16896,2,3,0,06,18,2,0,0,1,0,0,1
"POINT (9.827079837000042 52.342140079000046)",Unfall 16900 (2018) Kat:3, Licht: 0,16900,3,3,0,06,14,6,0,0,1,0,0,0
"POINT (9.732084245000067 52.383383398000035)",Unfall 16904 (2018) Kat:3, Licht: 0,16904,3,6,2,06,15,6,0,0,0,1,0,0
"POINT (9.945577382000067 52.333320226000069)",Unfall 16909 (2018) Kat:3, Licht: 0,16909,3,3,5,06,14,6,0,0,1,1,0,0
"POINT (9.808598883000059 52.336422175000052)",Unfall 16910 (2018) Kat:3, Licht: 0,16910,3,6,2,06,18,6,0,0,0,1,0,0
"POINT (9.514012017000027 52.411593967000044)",Unfall 16912 (2018) Kat:3, Licht: 0,16912,3,6,2,06,07,2,0,0,0,1,0,0
"POINT (9.792764001000023 52.393639027000063)",Unfall 16913 (2018) Kat:3, Licht: 0,16913,3,6,2,06,13,4,0,0,0,1,0,0
"POINT (9.654986597000061 52.407328762000077)",Unfall 16914 (2018) Kat:3, Licht: 1,16914,3,6,2,06,20,1,1,1,0,1,0,0
"POINT (9.743508029000054 52.457498754000028)",Unfall 16915 (2018) Kat:3, Licht: 0,16915,3,5,1,06,12,6,0,0,0,1,0,0
"POINT (9.728534191000051 52.454113888000052)",Unfall 16918 (2018) Kat:3, Licht: 0,16918,3,2,3,06,11,6,0,0,0,1,0,1
"POINT (9.598897833000024 52.394573920000028)",Unfall 16920 (2018) Kat:3, Licht: 0,16920,3,6,2,06,11,7,0,0,0,1,0,0
"POINT (9.836162671000068 52.489939872000036)",Unfall 16921 (2018) Kat:2, Licht: 0,16921,2,3,5,06,17,6,0,0,0,1,0,1
"POINT (9.744762705000028 52.367463184000030)",Unfall 16923 (2018) Kat:3, Licht: 0,16923,3,3,5,06,14,6,0,0,1,1,0,0
"POINT (9.782187826000040 52.371967282000071)",Unfall 16926 (2018) Kat:3, Licht: 0,16926,3,3,5,06,07,6,0,0,1,1,0,0
"POINT (9.795647924000036 52.549744131000068)",Unfall 16940 (2018) Kat:3, Licht: 0,16940,3,7,2,06,21,1,0,0,0,1,0,0
"POINT (9.743402579000076 52.368351623000081)",Unfall 16945 (2018) Kat:3, Licht: 0,16945,3,3,5,06,15,3,0,0,1,1,0,0
"POINT (9.600158945000032 52.319711962000042)",Unfall 16946 (2018) Kat:2, Licht: 0,16946,2,3,5,06,13,7,1,0,1,1,0,0
"POINT (9.966308095000045 52.389896293000049)",Unfall 16954 (2018) Kat:2, Licht: 0,16954,2,6,2,06,19,3,0,0,0,0,0,0
"POINT (9.726419874000044 52.388361555000074)",Unfall 16970 (2018) Kat:3, Licht: 0,16970,3,2,0,06,15,3,0,0,1,1,0,0
"POINT (9.814825185000075 52.364024097000026)",Unfall 16988 (2018) Kat:3, Licht: 0,16988,3,6,3,06,15,5,0,0,1,0,0,0
"POINT (9.457000358000073 52.501021554000033)",Unfall 16996 (2018) Kat:3, Licht: 0,16996,3,6,2,06,12,5,0,0,0,1,0,0
"POINT (9.816608390000056 52.384216111000057)",Unfall 17002 (2018) Kat:3, Licht: 0,17002,3,1,0,06,13,6,1,0,0,0,0,1
"POINT (9.572955223000065 52.625857028000041)",Unfall 17004 (2018) Kat:2, Licht: 0,17004,2,5,1,06,20,4,0,0,0,0,0,0
"POINT (9.420052816000066 52.425143227000035)",Unfall 17026 (2018) Kat:3, Licht: 0,17026,3,3,5,07,18,3,0,0,1,1,0,0
"POINT (9.576693972000044 52.423045474000048)",Unfall 17027 (2018) Kat:1, Licht: 0,17027,1,6,2,07,18,5,0,0,0,0,0,0
"POINT (9.506287341000075 52.413109133000034)",Unfall 17034 (2018) Kat:3, Licht: 0,17034,3,7,4,06,15,7,0,0,0,1,0,0
"POINT (9.858412645000044 52.306800601000077)",Unfall 17037 (2018) Kat:3, Licht: 0,17037,3,6,2,07,16,2,0,0,0,1,0,0
"POINT (10.125422513000046 52.457771081000033)",Unfall 17038 (2018) Kat:2, Licht: 2,17038,2,1,8,07,00,4,0,2,0,1,0,0
"POINT (9.732801823000045 52.369343145000073)",Unfall 17047 (2018) Kat:3, Licht: 0,17047,3,6,2,06,19,6,0,0,1,0,0,0
"POINT (9.801036472000021 52.440541955000072)",Unfall 17050 (2018) Kat:3, Licht: 0,17050,3,7,0,06,17,6,0,0,0,1,0,0
"POINT (9.720470764000027 52.458781202000068)",Unfall 17053 (2018) Kat:3, Licht: 0,17053,3,2,5,06,15,6,0,0,0,1,0,0
"POINT (9.778430369000034 52.369083127000067)",Unfall 17057 (2018) Kat:3, Licht: 0,17057,3,6,2,07,11,2,0,0,0,1,0,0
"POINT (9.722394754000050 52.362395274000050)",Unfall 17060 (2018) Kat:3, Licht: 0,17060,3,6,3,06,20,6,0,0,0,1,0,1
"POINT (9.428924522000045 52.354969189000030)",Unfall 17063 (2018) Kat:3, Licht: 1,17063,3,6,9,06,20,6,0,1,0,1,0,0
"POINT (9.743777908000027 52.523247241000036)",Unfall 17068 (2018) Kat:3, Licht: 0,17068,3,7,9,07,12,2,0,0,0,1,0,0
"POINT (9.677981968000040 52.360439891000055)",Unfall 17071 (2018) Kat:2, Licht: 0,17071,2,3,5,06,13,6,0,0,1,1,0,0
"POINT (9.665053565000051 52.338964873000066)",Unfall 17081 (2018) Kat:2, Licht: 0,17081,2,1,8,07,19,7,0,0,1,0,0,0
"POINT (9.479061502000036 52.368060341000046)",Unfall 17083 (2018) Kat:3, Licht: 0,17083,3,2,2,07,11,2,0,0,0,1,0,0
"POINT (9.714504159000057 52.361023002000081)",Unfall 17097 (2018) Kat:2, Licht: 0,17097,2,2,5,07,14,1,0,0,0,1,0,1
"POINT (9.849603618000060 52.391947516000073)",Unfall 17113 (2018) Kat:3, Licht: 0,17113,3,3,5,07,10,2,0,0,1,1,0,0
"POINT (9.463515550000068 52.513118799000040)",Unfall 17117 (2018) Kat:2, Licht: 0,17117,2,1,9,07,16,6,0,0,0,0,0,1
"POINT (9.625905565000039 52.394068043000061)",Unfall 17125 (2018) Kat:3, Licht: 0,17125,3,3,0,07,18,5,0,0,1,1,0,0
"POINT (9.941039376000049 52.443594522000069)",Unfall 17137 (2018) Kat:3, Licht: 0,17137,3,7,0,07,14,4,0,0,0,1,0,1
"POINT (9.483949442000039 52.493533408000076)",Unfall 17155 (2018) Kat:3, Licht: 0,17155,3,1,9,07,15,3,0,0,0,1,0,0
"POINT (9.860856242000068 52.493639790000032)",Unfall 17163 (2018) Kat:3, Licht: 0,17163,3,2,5,06,18,7,0,0,1,1,0,0
"POINT (9.859826444000021 52.385701900000072)",Unfall 17167 (2018) Kat:3, Licht: 0,17167,3,2,4,07,15,2,0,0,0,1,0,0
"POINT (9.888241647000029 52.425407036000081)",Unfall 17185 (2018) Kat:3, Licht: 2,17185,3,7,3,07,01,3,0,2,0,1,0,0
"POINT (9.802336279000031 52.557917374000056)",Unfall 17197 (2018) Kat:3, Licht: 0,17197,3,6,3,07,11,2,0,0,1,1,0,0
"POINT (9.407658482000045 52.333507900000029)",Unfall 17209 (2018) Kat:3, Licht: 0,17209,3,6,2,07,16,7,0,0,0,1,0,0