WKT,Name,OBJECTID,UKATEGORIE,UTYP1,UART,UMONAT,USTUNDE,UWOCHENTAG,STRZUSTAND,ULICHTVERH,ISTRAD,ISTPKW,ISTFUSS,ISTKRAD
"POINT (9.559252402000027 52.459932923000054)",Unfall 20849 (2018) Kat:3, Licht: 0,20849,3,2,4,09,14,5,0,0,0,1,0,1
"POINT (9.725105647000021 52.521220407000044)",Unfall 20852 (2018) Kat:3, Licht: 0,20852,3,1,1,09,17,5,1,0,0,1,0,0
"POINT (9.729147849000071 52.584078468000030)",Unfall 20855 (2018) Kat:3, Licht: 0,20855,3,3,5,09,15,5,0,0,1,0,0,0
"POINT (9.979396928000028 52.402852400000029)",Unfall 20858 (2018) Kat:3, Licht: 0,20858,3,7,0,09,08,5,0,0,1,0,0,0
"POINT (9.880044329000043 52.399337523000042)",Unfall 20859 (2018) Kat:3, Licht: 0,20859,3,6,2,09,09,3,0,0,0,0,0,0
"POINT (9.729395484000065 52.489851326000064)",Unfall 20861 (2018) Kat:3, Licht: 0,20861,3,3,5,09,16,5,1,0,0,1,0,0
"POINT (9.739003598000068 52.437878343000079)",Unfall 20862 (2018) Kat:3, Licht: 0,20862,3,6,2,09,17,5,1,0,0,1,0,0
"POINT (9.728382483000075 52.475165514000082)",Unfall 20863 (2018) Kat:3, Licht: 0,20863,3,4,6,09,08,5,0,0,0,1,1,0
"POINT (9.714282212000057 52.362156544000072)",Unfall 20864 (2018) Kat:3, Licht: 0,20864,3,2,5,09,17,3,0,0,0,1,0,0
"POINT (9.727896422000072 52.209626469000057)",Unfall 20865 (2018) Kat:2, Licht: 0,20865,2,1,9,09,18,5,1,0,0,0,0,1
"POINT (9.697365426000033 52.361606494000057)",Unfall 20866 (2018) Kat:3, Licht: 0,20866,3,1,0,09,16,5,1,0,0,0,0,1
"POINT (9.568635628000038 52.303863174000071)",Unfall 20868 (2018) Kat:2, Licht: 0,20868,2,1,8,09,08,5,0,0,0,1,0,0
"POINT (9.477325503000031 52.508937272000026)",Unfall 20876 (2018) Kat:3, Licht: 0,20876,3,3,5,09,12,2,0,0,0,1,0,0
"POINT (9.842988220000052 52.415505027000052)",Unfall 20890 (2018) Kat:3, Licht: 0,20890,3,6,3,09,17,2,0,0,0,1,0,0
"POINT (9.725211229000024 52.459910380000053)",Unfall 20906 (2018) Kat:3, Licht: 0,20906,3,3,5,09,09,4,0,0,0,1,0,0
"POINT (9.978606229000036 52.416060680000044)",Unfall 20908 (2018) Kat:3, Licht: 0,20908,3,3,5,09,16,3,0,0,0,1,0,0
"POINT (9.613988649000021 52.450622545000044)",Unfall 20916 (2018) Kat:3, Licht: 2,20916,3,6,6,09,21,7,0,2,0,1,1,0
"POINT (9.976930406000065 52.372741500000075)",Unfall 20920 (2018) Kat:3, Licht: 0,20920,3,2,3,09,16,7,0,0,0,1,0,0
"POINT (9.726527024000063 52.375616171000047)",Unfall 20929 (2018) Kat:2, Licht: 0,20929,2,7,5,09,18,4,0,0,0,1,0,1
"POINT (9.996706261000043 52.446188927000037)",Unfall 20933 (2018) Kat:3, Licht: 0,20933,3,1,0,09,09,3,0,0,0,0,0,1
"POINT (9.728053652000028 52.588434741000071)",Unfall 20944 (2018) Kat:3, Licht: 0,20944,3,3,5,09,15,2,0,0,0,1,0,1
"POINT (9.921142636000070 52.394776522000029)",Unfall 20950 (2018) Kat:3, Licht: 0,20950,3,6,2,09,16,3,0,0,0,0,0,0
"POINT (9.757361173000049 52.589390804000061)",Unfall 20961 (2018) Kat:3, Licht: 0,20961,3,6,2,09,13,2,0,0,0,1,0,0
"POINT (9.734201497000072 52.369056823000051)",Unfall 20987 (2018) Kat:3, Licht: 0,20987,3,2,3,09,19,4,0,0,1,1,0,0
"POINT (9.729175958000042 52.491672888000039)",Unfall 21005 (2018) Kat:3, Licht: 2,21005,3,2,5,09,20,4,0,2,0,1,0,0
"POINT (9.712658120000071 52.402054306000082)",Unfall 21016 (2018) Kat:2, Licht: 2,21016,2,3,5,09,20,2,0,2,1,1,0,0
"POINT (9.663409248000050 52.155053848000080)",Unfall 21022 (2018) Kat:2, Licht: 0,21022,2,4,6,09,09,3,0,0,0,0,1,0
"POINT (9.748885664000056 52.369217162000041)",Unfall 21023 (2018) Kat:3, Licht: 0,21023,3,6,3,09,12,4,0,0,1,0,0,0
"POINT (9.631371603000048 52.505940053000074)",Unfall 21028 (2018) Kat:3, Licht: 0,21028,3,1,8,09,14,3,0,0,0,0,0,1
"POINT (9.734523832000036 52.585509907000073)",Unfall 21041 (2018) Kat:3, Licht: 0,21041,3,6,2,09,18,1,0,0,0,1,0,0
"POINT (9.294323267000038 52.490972004000071)",Unfall 21064 (2018) Kat:3, Licht: 0,21064,3,6,2,09,16,4,0,0,0,1,0,0
"POINT (9.800109616000043 52.426448424000057)",Unfall 21070 (2018) Kat:3, Licht: 0,21070,3,2,5,09,14,6,0,0,1,1,0,0
"POINT (9.730368770000041 52.318829260000030)",Unfall 21072 (2018) Kat:3, Licht: 0,21072,3,3,5,09,16,6,0,0,1,0,0,0
"POINT (9.480286286000023 52.377311068000040)",Unfall 21075 (2018) Kat:3, Licht: 0,21075,3,3,5,09,16,6,0,0,0,1,0,0
"POINT (9.770683063000035 52.454206728000031)",Unfall 21077 (2018) Kat:3, Licht: 0,21077,3,1,0,09,13,6,0,0,0,0,0,1
"POINT (9.730213768000056 52.368958507000059)",Unfall 21080 (2018) Kat:3, Licht: 0,21080,3,2,5,09,15,6,0,0,1,1,0,0
"POINT (9.773917446000041 52.371001750000062)",Unfall 21082 (2018) Kat:3, Licht: 2,21082,3,4,6,09,20,4,0,2,0,0,1,0
"POINT (9.792755380000074 52.430393623000043)",Unfall 21084 (2018) Kat:3, Licht: 0,21084,3,6,2,09,15,6,0,0,0,1,0,0
"POINT (9.720609716000070 52.391483895000079)",Unfall 21087 (2018) Kat:3, Licht: 2,21087,3,7,0,09,06,3,0,2,1,0,0,0
"POINT (10.135169431000065 52.459634185000027)",Unfall 21088 (2018) Kat:1, Licht: 0,21088,1,6,4,09,08,6,0,0,0,1,0,0
"POINT (9.786195312000075 52.565515095000080)",Unfall 21090 (2018) Kat:3, Licht: 0,21090,3,6,2,09,10,6,0,0,0,1,0,1
"POINT (9.726347296000029 52.515982099000041)",Unfall 21097 (2018) Kat:3, Licht: 0,21097,3,6,2,09,16,2,0,0,0,1,0,0
"POINT (9.857392374000028 52.358637428000065)",Unfall 21098 (2018) Kat:2, Licht: 1,21098,2,2,5,09,06,4,0,1,1,1,0,0
"POINT (9.697245743000053 52.341407441000058)",Unfall 21104 (2018) Kat:2, Licht: 0,21104,2,6,2,09,15,3,0,0,0,1,0,0
"POINT (9.806889642000044 52.308071094000070)",Unfall 21116 (2018) Kat:3, Licht: 0,21116,3,2,5,09,17,2,0,0,0,1,0,0
"POINT (9.743521249000025 52.368704511000033)",Unfall 21123 (2018) Kat:3, Licht: 0,21123,3,6,4,09,07,3,0,0,1,0,0,0
"POINT (9.859274989000028 52.407107220000057)",Unfall 21158 (2018) Kat:2, Licht: 0,21158,2,6,2,09,13,4,0,0,0,0,0,0
"POINT (9.725296464000053 52.563833452000040)",Unfall 21164 (2018) Kat:3, Licht: 0,21164,3,7,4,09,15,4,0,0,0,1,0,0
"POINT (10.265044334000038 52.478645449000055)",Unfall 21176 (2018) Kat:3, Licht: 0,21176,3,6,2,09,08,2,0,0,0,1,0,0
"POINT (9.698208707000049 52.344652423000070)",Unfall 21177 (2018) Kat:3, Licht: 2,21177,3,4,6,09,20,1,0,2,0,1,1,0
"POINT (9.722812868000062 52.460313097000039)",Unfall 21184 (2018) Kat:3, Licht: 0,21184,3,7,7,09,16,3,0,0,0,0,0,0
"POINT (9.714550007000071 52.361080578000042)",Unfall 21190 (2018) Kat:3, Licht: 0,21190,3,2,5,09,17,3,0,0,0,1,0,1
"POINT (10.206379464000065 52.473572143000069)",Unfall 21191 (2018) Kat:3, Licht: 0,21191,3,2,5,09,07,5,1,0,0,1,0,0
"POINT (10.013145235000025 52.451304545000028)",Unfall 21193 (2018) Kat:3, Licht: 0,21193,3,3,0,09,17,5,0,0,1,1,0,0
"POINT (9.862057202000074 52.381017846000077)",Unfall 21196 (2018) Kat:3, Licht: 0,21196,3,3,5,09,15,5,0,0,1,1,0,0
"POINT (9.799624497000025 52.408683170000074)",Unfall 21197 (2018) Kat:3, Licht: 0,21197,3,5,1,09,10,2,0,0,1,1,0,0
"POINT (9.782378492000021 52.362132615000064)",Unfall 21200 (2018) Kat:3, Licht: 0,21200,3,6,2,09,16,5,0,0,0,1,0,0
"POINT (9.841833579000024 52.395137131000070)",Unfall 21203 (2018) Kat:2, Licht: 0,21203,2,4,6,09,14,5,0,0,0,1,1,0
"POINT (9.832497165000063 52.280489685000077)",Unfall 21205 (2018) Kat:3, Licht: 0,21205,3,2,5,09,10,5,1,0,0,1,0,0
"POINT (9.716703564000056 52.396938956000042)",Unfall 21218 (2018) Kat:3, Licht: 0,21218,3,4,6,09,11,7,0,0,0,1,1,1
"POINT (9.663454302000048 52.315904336000074)",Unfall 21225 (2018) Kat:3, Licht: 0,21225,3,6,2,09,14,4,0,0,0,1,0,0
"POINT (9.727245556000071 52.381195791000039)",Unfall 21229 (2018) Kat:3, Licht: 0,21229,3,3,5,09,13,7,0,0,1,1,0,0
"POINT (9.432673478000027 52.437100863000069)",Unfall 21232 (2018) Kat:3, Licht: 0,21232,3,6,3,09,12,7,1,0,1,0,0,1
"POINT (10.000274940000054 52.511673341000062)",Unfall 21243 (2018) Kat:3, Licht: 0,21243,3,2,2,09,16,4,0,0,0,1,0,0
"POINT (9.725425513000062 52.420777136000027)",Unfall 21247 (2018) Kat:3, Licht: 0,21247,3,6,2,09,16,3,0,0,0,1,0,0
"POINT (9.723370635000038 52.459500431000038)",Unfall 21253 (2018) Kat:3, Licht: 2,21253,3,6,2,09,20,2,0,2,0,1,0,0
"POINT (9.737313809000057 52.514807824000059)",Unfall 21257 (2018) Kat:3, Licht: 0,21257,3,3,5,09,13,2,0,0,0,1,0,0
"POINT (9.648231932000044 52.412803222000036)",Unfall 21258 (2018) Kat:2, Licht: 0,21258,2,6,2,09,11,4,0,0,0,1,0,0
"POINT (9.619343005000076 52.389220711000064)",Unfall 21263 (2018) Kat:3, Licht: 0,21263,3,7,8,09,16,3,0,0,0,1,0,0
"POINT (9.596522475000029 52.423277548000044)",Unfall 21281 (2018) Kat:3, Licht: 0,21281,3,6,2,09,08,3,0,0,0,1,0,0
"POINT (9.497074548000057 52.274233801000037)",Unfall 21295 (2018) Kat:3, Licht: 0,21295,3,1,0,09,10,7,1,0,0,0,0,1
"POINT (9.589596110000059 52.438939575000063)",Unfall 21297 (2018) Kat:3, Licht: 0,21297,3,6,2,09,18,4,0,0,0,1,0,0
"POINT (9.556290160000060 52.203102836000028)",Unfall 21320 (2018) Kat:3, Licht: 0,21320,3,2,2,09,12,7,0,0,0,1,0,0
"POINT (9.579244069000026 52.329197581000074)",Unfall 21321 (2018) Kat:2, Licht: 2,21321,2,7,0,09,04,7,1,2,0,0,0,1
"POINT (9.742149238000025 52.427358173000073)",Unfall 21326 (2018) Kat:3, Licht: 0,21326,3,6,3,09,11,7,0,0,0,1,0,0
"POINT (9.686815303000060 52.392557626000041)",Unfall 21331 (2018) Kat:2, Licht: 0,21331,2,1,0,09,17,7,1,0,0,0,0,1
"POINT (9.817970403000061 52.305539468000063)",Unfall 21334 (2018) Kat:3, Licht: 0,21334,3,1,9,09,14,7,0,0,0,1,0,0
"POINT (9.938584096000056 52.444263296000031)",Unfall 21336 (2018) Kat:3, Licht: 0,21336,3,3,5,09,08,7,0,0,1,1,0,0
"POINT (9.867896824000070 52.304588531000036)",Unfall 21337 (2018) Kat:3, Licht: 2,21337,3,1,8,09,01,7,1,2,0,1,0,0
"POINT (9.841914416000066 52.416178793000029)",Unfall 21341 (2018) Kat:3, Licht: 0,21341,3,6,2,09,11,4,0,0,0,0,0,0
"POINT (9.903758290000042 52.354309500000056)",Unfall 21343 (2018) Kat:3, Licht: 0,21343,3,7,0,09,17,3,0,0,0,1,0,1
"POINT (9.883998313000063 52.430287319000058)",Unfall 21346 (2018) Kat:3, Licht: 2,21346,3,1,9,09,22,1,1,2,0,1,0,0
"POINT (9.720407884000053 52.338175463000027)",Unfall 21353 (2018) Kat:3, Licht: 0,21353,3,3,5,09,11,1,1,0,0,1,0,0
"POINT (9.883660691000046 52.352159042000039)",Unfall 21359 (2018) Kat:3, Licht: 0,21359,3,1,8,09,08,2,1,0,0,0,0,0
"POINT (9.936560886000052 52.445546265000075)",Unfall 21363 (2018) Kat:3, Licht: 0,21363,3,2,2,09,06,3,1,0,0,1,0,0
"POINT (9.747715015000040 52.369158347000052)",Unfall 21372 (2018) Kat:3, Licht: 0,21372,3,6,2,09,10,2,1,0,0,1,0,0
"POINT (9.710130144000061 52.644900029000041)",Unfall 21409 (2018) Kat:3, Licht: 0,21409,3,6,2,09,09,3,0,0,0,1,0,0
"POINT (9.670585826000036 52.358331967000026)",Unfall 21418 (2018) Kat:3, Licht: 0,21418,3,2,5,09,10,2,0,0,1,1,0,0
"POINT (9.592813666000041 52.396080519000066)",Unfall 21426 (2018) Kat:3, Licht: 0,21426,3,7,6,09,18,4,0,0,0,1,1,0
"POINT (9.651794196000026 52.416624225000078)",Unfall 21428 (2018) Kat:3, Licht: 2,21428,3,2,3,09,22,3,0,2,1,1,0,0
"POINT (10.115316699000061 52.355932943000028)",Unfall 21431 (2018) Kat:3, Licht: 2,21431,3,1,9,09,20,1,1,2,0,1,0,0
"POINT (9.694775736000054 52.374512446000040)",Unfall 21439 (2018) Kat:3, Licht: 0,21439,3,7,0,09,14,2,1,0,1,0,0,0
"POINT (10.107777889000033 52.363922364000075)",Unfall 21444 (2018) Kat:3, Licht: 0,21444,3,6,2,09,06,4,0,0,0,1,0,0
"POINT (9.716121608000037 52.358321163000028)",Unfall 21446 (2018) Kat:2, Licht: 0,21446,2,6,6,09,16,3,0,0,1,0,1,0
"POINT (9.576930362000041 52.423289095000030)",Unfall 21449 (2018) Kat:3, Licht: 2,21449,3,1,9,09,01,1,1,2,0,1,0,0
"POINT (9.717710119000060 52.346116316000064)",Unfall 21454 (2018) Kat:3, Licht: 0,21454,3,2,3,09,15,6,1,0,0,1,0,0
"POINT (9.863366294000059 52.373905870000044)",Unfall 21459 (2018) Kat:3, Licht: 0,21459,3,2,4,09,15,6,1,0,1,1,0,0
"POINT (9.714033678000021 52.422291158000064)",Unfall 21462 (2018) Kat:3, Licht: 0,21462,3,6,4,09,15,6,1,0,0,1,0,0
"POINT (9.606430623000051 52.313007813000070)",Unfall 21464 (2018) Kat:3, Licht: 0,21464,3,4,6,09,18,6,0,0,0,1,1,0
"POINT (9.720135439000046 52.324103877000027)",Unfall 21466 (2018) Kat:3, Licht: 0,21466,3,3,5,09,13,6,1,0,1,0,0,0
"POINT (9.388064292000024 52.539024850000033)",Unfall 21469 (2018) Kat:3, Licht: 0,21469,3,6,2,09,13,6,1,0,0,1,0,0
"POINT (9.961976227000037 52.316567104000057)",Unfall 21471 (2018) Kat:3, Licht: 0,21471,3,6,3,09,13,6,1,0,1,0,0,0
"POINT (9.814754316000062 52.319232550000038)",Unfall 21472 (2018) Kat:3, Licht: 0,21472,3,6,2,09,17,6,0,0,0,1,0,0
"POINT (9.736068561000025 52.400163607000081)",Unfall 21475 (2018) Kat:3, Licht: 0,21475,3,7,7,09,14,6,1,0,0,1,0,0
"POINT (9.727200690000075 52.375097975000074)",Unfall 21479 (2018) Kat:3, Licht: 0,21479,3,1,0,09,11,6,0,0,1,0,0,0
"POINT (9.740182969000045 52.368251215000043)",Unfall 21482 (2018) Kat:3, Licht: 0,21482,3,2,5,09,07,6,0,0,0,1,0,0
"POINT (9.801978396000038 52.540133821000040)",Unfall 21510 (2018) Kat:3, Licht: 0,21510,3,6,9,09,14,4,0,0,0,1,0,0
"POINT (9.523019055000077 52.351851560000057)",Unfall 21512 (2018) Kat:3, Licht: 0,21512,3,6,2,09,18,3,0,0,1,0,0,0
"POINT (9.884200852000049 52.398830587000077)",Unfall 21515 (2018) Kat:3, Licht: 2,21515,3,1,8,09,22,1,1,2,0,1,0,0
"POINT (9.629694313000073 52.291884062000065)",Unfall 21528 (2018) Kat:3, Licht: 2,21528,3,1,9,09,03,2,1,2,0,1,0,0
"POINT (9.714483023000071 52.398736333000045)",Unfall 21532 (2018) Kat:3, Licht: 0,21532,3,6,2,09,11,3,0,0,0,1,0,0
"POINT (9.840553473000057 52.417036564000057)",Unfall 21544 (2018) Kat:3, Licht: 0,21544,3,6,2,09,14,2,0,0,0,1,0,0
"POINT (9.977217478000057 52.374430800000027)",Unfall 21596 (2018) Kat:2, Licht: 0,21596,2,7,0,09,09,4,0,0,1,0,0,0
"POINT (9.489478337000037 52.311480875000029)",Unfall 21608 (2018) Kat:3, Licht: 0,21608,3,1,8,09,12,1,1,0,0,1,0,0
"POINT (9.820669837000025 52.309914861000038)",Unfall 21615 (2018) Kat:3, Licht: 2,21615,3,1,8,09,22,2,1,2,0,1,0,0
"POINT (9.439812079000035 52.417893889000027)",Unfall 21616 (2018) Kat:3, Licht: 0,21616,3,3,5,09,13,5,0,0,1,1,0,0
"POINT (9.478446433000045 52.296112793000077)",Unfall 21620 (2018) Kat:2, Licht: 0,21620,2,6,4,09,11,5,0,0,0,1,0,0
"POINT (9.562126096000043 52.421953830000064)",Unfall 21621 (2018) Kat:1, Licht: 2,21621,1,4,6,09,20,3,0,2,0,1,1,0
"POINT (9.872477758000059 52.310669562000044)",Unfall 21622 (2018) Kat:3, Licht: 0,21622,3,3,5,09,16,5,0,0,0,1,0,1
"POINT (9.720717628000045 52.337751940000032)",Unfall 21624 (2018) Kat:3, Licht: 2,21624,3,1,9,09,01,1,1,2,0,1,0,0
"POINT (9.950909662000072 52.329345503000070)",Unfall 21625 (2018) Kat:3, Licht: 0,21625,3,6,6,09,18,5,0,0,1,0,1,0
"POINT (9.707523334000030 52.410346370000070)",Unfall 21627 (2018) Kat:3, Licht: 0,21627,3,6,2,09,17,5,0,0,0,1,0,0
"POINT (9.662739615000021 52.376968601000044)",Unfall 21629 (2018) Kat:3, Licht: 0,21629,3,6,0,09,13,5,0,0,0,0,0,0
"POINT (9.781898402000024 52.570245554000053)",Unfall 21631 (2018) Kat:3, Licht: 0,21631,3,6,2,09,08,2,0,0,0,1,0,0
"POINT (9.786719123000069 52.356364560000031)",Unfall 21633 (2018) Kat:3, Licht: 0,21633,3,1,9,09,12,5,0,0,0,0,0,1
"POINT (9.663012400000071 52.342664164000041)",Unfall 21683 (2018) Kat:3, Licht: 0,21683,3,7,8,09,11,4,0,0,0,1,0,0
"POINT (9.648374294000064 52.270507998000028)",Unfall 21685 (2018) Kat:3, Licht: 2,21685,3,1,0,09,23,3,0,2,1,0,0,0
"POINT (9.948597659000029 52.371866188000070)",Unfall 21688 (2018) Kat:2, Licht: 0,21688,2,7,0,09,12,1,1,0,0,0,0,1
"POINT (9.936748099000056 52.444420407000052)",Unfall 21695 (2018) Kat:3, Licht: 0,21695,3,1,0,09,13,2,1,0,0,0,0,1
"POINT (9.451030358000025 52.435623805000034)",Unfall 21699 (2018) Kat:3, Licht: 0,21699,3,3,5,09,16,2,1,0,1,1,0,0
"POINT (9.722811508000063 52.460326032000069)",Unfall 21701 (2018) Kat:3, Licht: 2,21701,3,6,3,09,08,4,0,2,0,1,0,0
"POINT (9.740144215000044 52.368247237000048)",Unfall 21703 (2018) Kat:3, Licht: 0,21703,3,2,5,09,12,3,0,0,1,1,0,0
"POINT (9.289635255000064 52.489447092000034)",Unfall 21722 (2018) Kat:3, Licht: 0,21722,3,6,2,10,17,6,0,0,0,1,0,1
"POINT (9.289808866000044 52.489454547000037)",Unfall 21727 (2018) Kat:3, Licht: 0,21727,3,2,2,10,15,3,1,0,0,1,0,0
"POINT (9.690566777000072 52.346777186000054)",Unfall 21736 (2018) Kat:3, Licht: 0,21736,3,6,2,10,10,2,1,0,0,1,0,0
"POINT (9.824283960000059 52.362407562000044)",Unfall 21742 (2018) Kat:3, Licht: 0,21742,3,1,1,10,15,5,0,0,0,1,0,0
"POINT (9.646097709000060 52.405818280000062)",Unfall 21749 (2018) Kat:2, Licht: 0,21749,2,2,5,10,12,3,1,0,1,1,0,0
"POINT (9.599902899000028 52.422997927000040)",Unfall 21759 (2018) Kat:3, Licht: 2,21759,3,6,2,10,20,4,1,2,0,1,0,0
"POINT (9.679059971000072 52.170763130000068)",Unfall 21760 (2018) Kat:3, Licht: 2,21760,3,6,4,10,04,2,0,2,0,0,0,0
"POINT (9.473794251000072 52.386421755000072)",Unfall 21768 (2018) Kat:3, Licht: 0,21768,3,6,8,10,13,2,0,0,0,1,0,0
"POINT (9.526301406000073 52.466763141000058)",Unfall 21777 (2018) Kat:2, Licht: 0,21777,2,6,3,10,16,7,0,0,0,1,0,0
"POINT (9.885275561000071 52.437178017000065)",Unfall 21784 (2018) Kat:3, Licht: 0,21784,3,6,2,10,16,2,1,0,0,1,0,1
"POINT (9.837393637000048 52.387332441000069)",Unfall 21802 (2018) Kat:3, Licht: 0,21802,3,2,5,10,17,3,1,0,1,1,0,0
"POINT (9.717892521000067 52.395270067000070)",Unfall 21806 (2018) Kat:3, Licht: 0,21806,3,7,0,10,08,2,0,0,0,1,0,0
"POINT (10.184002015000033 52.465394026000070)",Unfall 21820 (2018) Kat:2, Licht: 0,21820,2,3,5,10,12,6,0,0,0,1,0,0
"POINT (10.011559410000075 52.463744216000066)",Unfall 21826 (2018) Kat:3, Licht: 1,21826,3,6,2,10,16,3,1,1,0,1,0,0
"POINT (9.691329299000074 52.332315378000033)",Unfall 21839 (2018) Kat:3, Licht: 2,21839,3,3,5,09,20,7,0,2,0,1,0,0
"POINT (9.714575344000025 52.361079080000081)",Unfall 21841 (2018) Kat:3, Licht: 0,21841,3,2,5,09,14,7,0,0,0,1,0,1
"POINT (9.736265685000035 52.397654749000026)",Unfall 21844 (2018) Kat:3, Licht: 0,21844,3,6,3,09,14,7,0,0,0,1,0,1
"POINT (9.730219294000051 52.383836583000061)",Unfall 21848 (2018) Kat:3, Licht: 0,21848,3,5,3,09,15,7,0,0,1,1,0,0
"POINT (9.722203983000043 52.378352025000027)",Unfall 21849 (2018) Kat:3, Licht: 0,21849,3,7,0,10,13,5,0,0,1,0,0,0
"POINT (9.431932525000036 52.422440982000069)",Unfall 21854 (2018) Kat:3, Licht: 0,21854,3,3,5,09,10,7,0,0,1,1,0,0
"POINT (9.584618915000021 52.416659336000066)",Unfall 21856 (2018) Kat:3, Licht: 2,21856,3,5,1,09,20,7,0,2,0,1,0,0
"POINT (10.206119619000049 52.473553483000046)",Unfall 21858 (2018) Kat:3, Licht: 0,21858,3,3,5,09,10,7,0,0,0,1,0,0
"POINT (9.504203314000051 52.339734492000048)",Unfall 21860 (2018) Kat:3, Licht: 0,21860,3,6,2,10,16,2,1,0,0,1,0,0
"POINT (9.735239615000069 52.393246321000049)",Unfall 21861 (2018) Kat:2, Licht: 0,21861,2,3,5,09,12,7,0,0,1,0,0,0
"POINT (9.793964929000026 52.553152290000071)",Unfall 21865 (2018) Kat:3, Licht: 0,21865,3,6,3,09,11,7,0,0,0,1,0,0
"POINT (9.734778624000057 52.407339694000029)",Unfall 21866 (2018) Kat:3, Licht: 0,21866,3,1,0,10,15,2,1,0,0,0,0,1
"POINT (10.131765294000047 52.374117562000038)",Unfall 21867 (2018) Kat:2, Licht: 0,21867,2,3,5,09,10,7,0,0,0,1,0,1
"POINT (9.722346730000027 52.378496212000073)",Unfall 21871 (2018) Kat:3, Licht: 0,21871,3,2,5,09,08,7,0,0,0,1,0,0
"POINT (10.022675760000027 52.381757630000038)",Unfall 21875 (2018) Kat:3, Licht: 0,21875,3,6,2,10,15,7,0,0,0,1,0,0
"POINT (10.000254972000050 52.387361523000038)",Unfall 21882 (2018) Kat:3, Licht: 2,21882,3,7,0,10,01,2,0,2,0,0,0,0
"POINT (9.448135782000065 52.423419984000077)",Unfall 21928 (2018) Kat:3, Licht: 0,21928,3,6,2,10,17,6,0,0,0,1,0,0
"POINT (9.802014620000023 52.432919876000028)",Unfall 21933 (2018) Kat:3, Licht: 2,21933,3,2,5,10,20,3,1,2,1,1,0,0
"POINT (9.793738737000069 52.553571003000059)",Unfall 21948 (2018) Kat:3, Licht: 0,21948,3,6,2,10,10,1,0,0,0,1,0,0
"POINT (9.832676792000029 52.418829633000030)",Unfall 21950 (2018) Kat:3, Licht: 0,21950,3,4,6,10,18,5,1,0,0,1,1,0
"POINT (10.206440659000066 52.473575538000034)",Unfall 21954 (2018) Kat:3, Licht: 0,21954,3,2,4,10,09,7,0,0,0,1,0,0
"POINT (9.589608084000076 52.439062393000029)",Unfall 21958 (2018) Kat:2, Licht: 2,21958,2,3,5,10,20,3,1,2,0,1,0,0
"POINT (9.551179394000030 52.440869151000072)",Unfall 21967 (2018) Kat:3, Licht: 2,21967,3,1,8,10,02,4,1,2,0,1,0,0
"POINT (9.406616507000024 52.411639638000054)",Unfall 21968 (2018) Kat:3, Licht: 1,21968,3,1,8,10,17,2,1,1,0,1,0,0
"POINT (9.486169132000043 52.555672498000035)",Unfall 21977 (2018) Kat:3, Licht: 0,21977,3,7,9,10,10,2,0,0,0,1,0,0
"POINT (9.790655752000021 52.558190140000079)",Unfall 21978 (2018) Kat:3, Licht: 0,21978,3,6,2,10,11,7,0,0,0,1,0,0
"POINT (9.712839664000057 52.362752520000072)",Unfall 21990 (2018) Kat:3, Licht: 0,21990,3,6,3,09,17,6,0,0,0,1,0,0
"POINT (9.860433837000073 52.517380989000060)",Unfall 21992 (2018) Kat:3, Licht: 0,21992,3,3,5,10,15,2,1,0,0,1,0,0
"POINT (9.736277655000038 52.398464214000057)",Unfall 21993 (2018) Kat:3, Licht: 0,21993,3,6,3,09,12,6,0,0,0,1,0,1
"POINT (9.646072748000051 52.397316558000057)",Unfall 21998 (2018) Kat:3, Licht: 0,21998,3,7,9,09,18,6,0,0,1,0,0,0
"POINT (9.468042785000023 52.462899991000029)",Unfall 22002 (2018) Kat:3, Licht: 0,22002,3,6,4,09,17,6,0,0,1,0,0,0
"POINT (9.469428729000072 52.327083100000038)",Unfall 22004 (2018) Kat:3, Licht: 0,22004,3,3,5,09,14,6,0,0,0,1,0,0
"POINT (9.514870140000028 52.300391760000082)",Unfall 22009 (2018) Kat:3, Licht: 0,22009,3,6,4,09,08,6,1,0,0,1,0,0
"POINT (9.715230673000065 52.360435106000068)",Unfall 22011 (2018) Kat:3, Licht: 2,22011,3,1,4,10,21,3,1,2,0,1,0,0
"POINT (10.113917847000039 52.340375752000057)",Unfall 22015 (2018) Kat:3, Licht: 1,22015,3,6,2,09,06,6,1,1,0,1,0,0
"POINT (9.606024674000025 52.261522097000068)",Unfall 22017 (2018) Kat:2, Licht: 0,22017,2,6,2,09,15,6,0,0,0,1,0,1
"POINT (9.899424089000036 52.387060548000079)",Unfall 22022 (2018) Kat:1, Licht: 0,22022,1,1,9,09,16,6,0,0,0,0,0,0
"POINT (9.836262970000064 52.277899628000057)",Unfall 22025 (2018) Kat:3, Licht: 0,22025,3,3,5,09,13,6,0,0,1,1,0,0
"POINT (10.206316357000048 52.473567611000078)",Unfall 22029 (2018) Kat:3, Licht: 0,22029,3,3,5,10,17,6,0,0,0,1,0,0
"POINT (9.723018074000038 52.454045332000078)",Unfall 22035 (2018) Kat:3, Licht: 0,22035,3,6,2,10,10,3,1,0,0,1,0,0
"POINT (9.719210101000044 52.345654285000080)",Unfall 22046 (2018) Kat:3, Licht: 0,22046,3,6,2,10,11,2,0,0,0,1,0,0