WKT,Name,OBJECTID,UKATEGORIE,UTYP1,UART,UMONAT,USTUNDE,UWOCHENTAG,STRZUSTAND,ULICHTVERH,ISTRAD,ISTPKW,ISTFUSS,ISTKRAD
"POINT (9.648678387000075 52.412633833000029)",Unfall 22050 (2018) Kat:3, Licht: 0,22050,3,6,2,09,11,1,0,0,0,1,0,0
"POINT (9.722778618000064 52.337436174000061)",Unfall 22057 (2018) Kat:3, Licht: 2,22057,3,6,2,09,19,1,0,2,0,1,0,0
"POINT (9.727558547000058 52.590242347000071)",Unfall 22062 (2018) Kat:3, Licht: 0,22062,3,2,5,09,15,1,0,0,0,1,0,0
"POINT (9.787723212000060 52.318736480000041)",Unfall 22072 (2018) Kat:3, Licht: 1,22072,3,2,5,10,18,4,0,1,0,1,0,0
"POINT (9.672625068000059 52.238022224000076)",Unfall 22073 (2018) Kat:3, Licht: 0,22073,3,3,5,10,11,2,0,0,0,1,0,0
"POINT (9.826241716000027 52.284445161000065)",Unfall 22077 (2018) Kat:2, Licht: 0,22077,2,4,6,09,17,1,0,0,0,1,1,0
"POINT (9.952258652000069 52.372233763000054)",Unfall 22082 (2018) Kat:2, Licht: 0,22082,2,1,8,09,12,1,0,0,0,1,0,0
"POINT (9.680103316000043 52.325107775000049)",Unfall 22089 (2018) Kat:1, Licht: 0,22089,1,1,9,09,08,1,0,0,0,1,0,0
"POINT (9.728484807000029 52.368035782000049)",Unfall 22091 (2018) Kat:2, Licht: 0,22091,2,3,5,10,15,7,0,0,1,0,0,0
"POINT (10.144861138000067 52.361846087000060)",Unfall 22092 (2018) Kat:3, Licht: 0,22092,3,6,2,09,16,6,0,0,0,1,0,0
"POINT (9.752397215000030 52.357672956000044)",Unfall 22111 (2018) Kat:3, Licht: 0,22111,3,6,2,10,11,6,0,0,0,1,0,0
"POINT (9.667852108000034 52.343762238000068)",Unfall 22120 (2018) Kat:2, Licht: 2,22120,2,4,6,10,05,2,0,2,0,1,1,0
"POINT (10.120123553000042 52.363424891000079)",Unfall 22130 (2018) Kat:2, Licht: 0,22130,2,6,3,10,10,7,0,0,0,1,0,0
"POINT (9.822327384000062 52.309085719000052)",Unfall 22141 (2018) Kat:3, Licht: 2,22141,3,1,9,10,23,3,1,2,0,1,0,0
"POINT (9.765361487000064 52.342107667000050)",Unfall 22148 (2018) Kat:3, Licht: 0,22148,3,1,0,10,13,3,1,0,0,0,0,1
"POINT (9.818969179000021 52.515585241000053)",Unfall 22161 (2018) Kat:3, Licht: 0,22161,3,6,2,10,13,1,0,0,0,1,0,0
"POINT (9.646225339000068 52.402365284000041)",Unfall 22163 (2018) Kat:3, Licht: 0,22163,3,4,6,10,09,5,1,0,0,1,1,0
"POINT (9.860422380000046 52.517309679000050)",Unfall 22173 (2018) Kat:3, Licht: 0,22173,3,3,5,10,15,2,1,0,0,1,0,0
"POINT (9.719583925000052 52.345400871000038)",Unfall 22180 (2018) Kat:3, Licht: 0,22180,3,6,2,10,14,4,1,0,0,1,0,0
"POINT (9.427637582000045 52.428673921000041)",Unfall 22181 (2018) Kat:3, Licht: 2,22181,3,6,2,10,22,2,0,2,0,1,0,0
"POINT (9.791400835000047 52.557405806000077)",Unfall 22190 (2018) Kat:3, Licht: 0,22190,3,6,2,10,15,7,0,0,0,1,0,0
"POINT (9.388248935000036 52.432337228000051)",Unfall 22204 (2018) Kat:3, Licht: 2,22204,3,3,5,09,22,5,0,2,0,1,0,0
"POINT (9.359972448000065 52.454159167000057)",Unfall 22209 (2018) Kat:3, Licht: 0,22209,3,5,1,09,16,5,0,0,0,1,0,1
"POINT (9.479405182000050 52.295487217000073)",Unfall 22213 (2018) Kat:3, Licht: 0,22213,3,2,2,09,12,5,0,0,0,1,0,0
"POINT (9.974178768000058 52.400009624000063)",Unfall 22215 (2018) Kat:3, Licht: 0,22215,3,3,5,09,16,5,0,0,1,1,0,0
"POINT (10.171688029000052 52.396410520000074)",Unfall 22217 (2018) Kat:3, Licht: 2,22217,3,7,0,09,21,5,0,2,1,0,0,0
"POINT (9.848306504000050 52.412262482000074)",Unfall 22235 (2018) Kat:2, Licht: 0,22235,2,6,2,10,13,5,0,0,0,0,0,0
"POINT (9.757479338000053 52.370234444000062)",Unfall 22241 (2018) Kat:3, Licht: 0,22241,3,3,5,10,08,3,0,0,1,0,0,0
"POINT (9.983273628000063 52.300943044000064)",Unfall 22242 (2018) Kat:2, Licht: 2,22242,2,7,8,10,19,5,0,2,0,1,0,0
"POINT (9.640901661000044 52.422403060000079)",Unfall 22246 (2018) Kat:3, Licht: 2,22246,3,6,2,10,20,5,0,2,0,1,0,0
"POINT (9.441001892000031 52.330584415000033)",Unfall 22249 (2018) Kat:2, Licht: 0,22249,2,6,2,10,15,5,0,0,0,1,0,1
"POINT (9.735122117000060 52.427542950000031)",Unfall 22251 (2018) Kat:3, Licht: 0,22251,3,6,3,10,09,5,0,0,0,1,0,0
"POINT (9.730715213000053 52.370926781000037)",Unfall 22253 (2018) Kat:3, Licht: 0,22253,3,6,3,10,10,2,0,0,0,1,0,0
"POINT (9.725321448000045 52.376883394000060)",Unfall 22269 (2018) Kat:3, Licht: 0,22269,3,3,5,10,09,4,0,0,0,1,0,0
"POINT (9.612242237000032 52.405524757000080)",Unfall 22278 (2018) Kat:3, Licht: 0,22278,3,2,6,10,08,4,0,0,0,1,1,0
"POINT (9.744584464000070 52.453427378000072)",Unfall 22282 (2018) Kat:3, Licht: 0,22282,3,6,2,10,13,2,0,0,0,1,0,0
"POINT (9.886985171000049 52.427187809000031)",Unfall 22308 (2018) Kat:3, Licht: 0,22308,3,6,3,10,17,2,0,0,0,1,0,0
"POINT (9.780952105000040 52.454545300000063)",Unfall 22312 (2018) Kat:3, Licht: 0,22312,3,6,2,10,13,5,0,0,0,1,0,0
"POINT (9.667971326000043 52.342263966000075)",Unfall 22321 (2018) Kat:3, Licht: 0,22321,3,2,5,10,17,7,0,0,0,1,0,0
"POINT (9.615203611000027 52.531941663000055)",Unfall 22334 (2018) Kat:1, Licht: 0,22334,1,1,8,10,11,6,0,0,0,0,0,1
"POINT (9.453049495000073 52.510755167000070)",Unfall 22341 (2018) Kat:3, Licht: 0,22341,3,3,5,10,10,6,0,0,1,0,0,0
"POINT (9.898362947000067 52.395100298000045)",Unfall 22349 (2018) Kat:3, Licht: 0,22349,3,1,9,10,12,7,0,0,0,0,0,1
"POINT (9.747126105000064 52.533153797000068)",Unfall 22359 (2018) Kat:3, Licht: 0,22359,3,3,5,10,14,3,0,0,1,1,0,0
"POINT (9.728224962000070 52.545467179000070)",Unfall 22361 (2018) Kat:3, Licht: 0,22361,3,6,2,10,12,1,0,0,0,1,0,1
"POINT (9.763501495000071 52.343782133000047)",Unfall 22373 (2018) Kat:3, Licht: 0,22373,3,2,5,10,17,2,0,0,1,1,0,0
"POINT (9.685024154000075 52.360160338000071)",Unfall 22399 (2018) Kat:2, Licht: 2,22399,2,1,0,10,19,4,0,2,0,0,0,1
"POINT (9.897866836000048 52.397647372000051)",Unfall 22402 (2018) Kat:3, Licht: 0,22402,3,6,2,10,18,2,0,0,0,1,0,0
"POINT (9.791886755000064 52.335037427000032)",Unfall 22406 (2018) Kat:3, Licht: 0,22406,3,2,5,10,13,5,0,0,1,1,0,0
"POINT (9.929196608000041 52.477647951000051)",Unfall 22427 (2018) Kat:1, Licht: 1,22427,1,6,4,10,07,4,0,1,0,1,0,0
"POINT (9.833441875000062 52.386420498000064)",Unfall 22430 (2018) Kat:3, Licht: 0,22430,3,3,5,10,12,2,0,0,1,1,0,0
"POINT (9.733970224000075 52.385267269000053)",Unfall 22434 (2018) Kat:2, Licht: 0,22434,2,2,5,10,15,5,0,0,1,0,0,0
"POINT (9.710398221000048 52.431751432000056)",Unfall 22444 (2018) Kat:3, Licht: 0,22444,3,2,4,10,11,7,0,0,0,1,0,0
"POINT (9.964076411000065 52.310341494000056)",Unfall 22462 (2018) Kat:3, Licht: 0,22462,3,2,5,10,12,6,0,0,1,1,0,0
"POINT (9.794893626000032 52.551480228000059)",Unfall 22471 (2018) Kat:3, Licht: 0,22471,3,6,2,10,12,7,0,0,0,1,0,0
"POINT (9.755757426000059 52.312181344000066)",Unfall 22480 (2018) Kat:2, Licht: 1,22480,2,4,6,10,18,3,0,1,0,1,1,0
"POINT (9.772134317000052 52.578851216000032)",Unfall 22482 (2018) Kat:3, Licht: 0,22482,3,6,2,10,11,1,0,0,0,1,0,0
"POINT (9.722969773000045 52.358246536000081)",Unfall 22498 (2018) Kat:3, Licht: 1,22498,3,2,2,10,19,4,0,1,0,1,0,1
"POINT (9.778746999000077 52.371492392000050)",Unfall 22501 (2018) Kat:3, Licht: 0,22501,3,6,2,10,15,4,0,0,0,1,0,0
"POINT (9.827573789000041 52.360334522000073)",Unfall 22505 (2018) Kat:3, Licht: 0,22505,3,4,6,10,17,4,0,0,1,0,1,0
"POINT (9.420702271000039 52.429323067000041)",Unfall 22511 (2018) Kat:3, Licht: 0,22511,3,2,5,10,10,4,0,0,1,1,0,0
"POINT (9.653396046000069 52.272033075000081)",Unfall 22516 (2018) Kat:3, Licht: 0,22516,3,6,2,10,16,4,0,0,0,1,0,0
"POINT (9.662904697000045 52.316080201000034)",Unfall 22519 (2018) Kat:3, Licht: 2,22519,3,2,5,10,20,4,0,2,1,1,0,0
"POINT (9.461178216000064 52.378175615000032)",Unfall 22520 (2018) Kat:3, Licht: 0,22520,3,6,2,10,12,4,0,0,0,1,0,0
"POINT (9.409558059000062 52.334034534000068)",Unfall 22522 (2018) Kat:3, Licht: 0,22522,3,6,2,10,08,4,0,0,0,1,0,0
"POINT (9.734937750000029 52.391711129000043)",Unfall 22524 (2018) Kat:3, Licht: 0,22524,3,2,5,10,17,2,0,0,1,1,0,0
"POINT (9.735237743000027 52.403249835000054)",Unfall 22526 (2018) Kat:3, Licht: 0,22526,3,4,6,10,13,4,0,0,1,0,1,0
"POINT (9.621554277000030 52.464631543000053)",Unfall 22527 (2018) Kat:3, Licht: 0,22527,3,7,0,10,16,4,0,0,0,1,0,0
"POINT (9.611652817000049 52.436956717000044)",Unfall 22529 (2018) Kat:3, Licht: 0,22529,3,4,6,10,15,2,0,0,0,1,1,0
"POINT (9.975038697000059 52.409214422000048)",Unfall 22531 (2018) Kat:3, Licht: 0,22531,3,2,0,10,16,4,0,0,0,1,0,0
"POINT (9.968900066000060 52.315175702000033)",Unfall 22537 (2018) Kat:3, Licht: 0,22537,3,2,5,10,13,4,0,0,1,1,0,0
"POINT (9.510962147000043 52.348528040000076)",Unfall 22542 (2018) Kat:2, Licht: 2,22542,2,7,0,10,22,4,0,2,0,0,0,1
"POINT (9.508251468000026 52.408355698000037)",Unfall 22547 (2018) Kat:3, Licht: 0,22547,3,6,2,10,17,4,0,0,0,1,0,0
"POINT (9.978949806000060 52.389483704000043)",Unfall 22549 (2018) Kat:3, Licht: 2,22549,3,7,7,10,01,2,0,2,0,1,0,0
"POINT (9.650932634000071 52.410834860000080)",Unfall 22551 (2018) Kat:2, Licht: 0,22551,2,6,2,10,16,4,0,0,0,1,0,0
"POINT (9.665543967000076 52.332911200000069)",Unfall 22554 (2018) Kat:3, Licht: 0,22554,3,3,5,10,14,6,0,0,1,1,0,0
"POINT (9.976647458000059 52.369912311000064)",Unfall 22557 (2018) Kat:3, Licht: 0,22557,3,7,0,10,13,4,0,0,0,1,0,0
"POINT (9.839714571000059 52.488642919000029)",Unfall 22560 (2018) Kat:2, Licht: 0,22560,2,6,2,10,08,4,0,0,0,1,0,0
"POINT (9.913449585000024 52.358843378000074)",Unfall 22562 (2018) Kat:3, Licht: 1,22562,3,6,2,10,07,5,0,1,0,1,0,0
"POINT (9.684294729000044 52.328284845000042)",Unfall 22572 (2018) Kat:3, Licht: 0,22572,3,6,2,10,10,7,0,0,0,1,0,0
"POINT (9.515058977000024 52.293037477000041)",Unfall 22585 (2018) Kat:2, Licht: 0,22585,2,1,8,10,15,6,0,0,0,0,0,1
"POINT (9.634649574000036 52.418514670000036)",Unfall 22599 (2018) Kat:3, Licht: 0,22599,3,7,9,10,15,7,0,0,0,0,0,1
"POINT (9.707581644000072 52.279557378000050)",Unfall 22608 (2018) Kat:3, Licht: 2,22608,3,3,0,10,21,3,0,2,1,1,0,0
"POINT (9.642226809000022 52.414588785000035)",Unfall 22610 (2018) Kat:3, Licht: 2,22610,3,3,5,10,19,1,0,2,0,1,0,0
"POINT (9.697680070000047 52.377202633000081)",Unfall 22622 (2018) Kat:3, Licht: 0,22622,3,6,3,10,07,2,0,0,0,1,0,1
"POINT (9.580834802000027 52.387801881000030)",Unfall 22641 (2018) Kat:2, Licht: 0,22641,2,7,5,10,07,3,0,0,0,1,0,1
"POINT (9.732495778000043 52.425624668000069)",Unfall 22651 (2018) Kat:3, Licht: 2,22651,3,6,3,10,06,4,0,2,0,1,0,0
"POINT (9.744519600000047 52.453163215000075)",Unfall 22655 (2018) Kat:3, Licht: 0,22655,3,6,2,10,12,2,0,0,0,1,0,0
"POINT (9.712004252000043 52.405150058000061)",Unfall 22674 (2018) Kat:3, Licht: 0,22674,3,2,5,10,17,5,0,0,0,1,0,0
"POINT (9.743396609000058 52.368334380000078)",Unfall 22682 (2018) Kat:3, Licht: 0,22682,3,3,5,10,08,4,0,0,1,1,0,0
"POINT (9.437113575000069 52.467106640000054)",Unfall 22683 (2018) Kat:3, Licht: 0,22683,3,6,4,10,12,5,0,0,0,1,0,0
"POINT (9.867367714000068 52.444952803000035)",Unfall 22686 (2018) Kat:2, Licht: 0,22686,2,6,2,10,10,2,0,0,0,1,0,0
"POINT (9.692631666000068 52.376481833000071)",Unfall 22690 (2018) Kat:2, Licht: 2,22690,2,1,0,10,23,5,0,2,1,0,0,0
"POINT (9.431856654000058 52.422464868000077)",Unfall 22698 (2018) Kat:3, Licht: 0,22698,3,3,5,10,12,5,0,0,1,1,0,0
"POINT (9.470990851000067 52.301679558000046)",Unfall 22700 (2018) Kat:3, Licht: 0,22700,3,6,0,10,13,7,0,0,0,1,0,1
"POINT (9.740420929000038 52.368056960000047)",Unfall 22712 (2018) Kat:3, Licht: 0,22712,3,2,5,10,12,6,0,0,1,1,0,0
"POINT (9.412359265000021 52.333314915000074)",Unfall 22718 (2018) Kat:3, Licht: 0,22718,3,6,2,10,10,6,0,0,0,1,0,0
"POINT (9.660010791000047 52.318503946000078)",Unfall 22725 (2018) Kat:3, Licht: 0,22725,3,2,2,10,07,5,0,0,0,1,0,0
"POINT (9.703260651000051 52.414105375000076)",Unfall 22727 (2018) Kat:3, Licht: 0,22727,3,6,3,10,12,7,0,0,0,1,0,0
"POINT (9.795079958000031 52.550741886000026)",Unfall 22736 (2018) Kat:2, Licht: 1,22736,2,1,2,10,21,3,0,1,0,1,0,0
"POINT (9.916368226000031 52.341262230000041)",Unfall 22738 (2018) Kat:3, Licht: 0,22738,3,3,5,10,16,1,0,0,0,1,0,1
"POINT (9.457030286000077 52.505817461000049)",Unfall 22741 (2018) Kat:3, Licht: 0,22741,3,3,5,10,10,5,0,0,1,1,0,0
"POINT (9.725992760000054 52.376007586000071)",Unfall 22746 (2018) Kat:3, Licht: 0,22746,3,3,5,10,11,4,0,0,1,1,0,0
"POINT (9.857323691000033 52.491960291000055)",Unfall 22747 (2018) Kat:3, Licht: 0,22747,3,6,2,10,11,5,0,0,0,1,0,0
"POINT (9.793492487000037 52.415322434000075)",Unfall 22750 (2018) Kat:3, Licht: 1,22750,3,6,2,10,07,2,0,1,0,1,0,0
"POINT (9.681212484000071 52.391420329000027)",Unfall 22759 (2018) Kat:3, Licht: 0,22759,3,6,2,10,15,3,0,0,0,1,0,0
"POINT (9.718327271000021 52.346046675000082)",Unfall 22766 (2018) Kat:3, Licht: 0,22766,3,6,2,10,09,3,0,0,0,1,0,0
"POINT (9.721635408000054 52.378469127000074)",Unfall 22770 (2018) Kat:3, Licht: 0,22770,3,6,2,10,15,3,0,0,0,1,0,0
"POINT (9.680370694000033 52.371925752000038)",Unfall 22773 (2018) Kat:3, Licht: 0,22773,3,2,5,10,14,3,0,0,1,1,0,0
"POINT (9.589418606000038 52.389393029000075)",Unfall 22774 (2018) Kat:2, Licht: 0,22774,2,6,4,10,12,4,0,0,0,1,0,0
"POINT (9.733438225000043 52.417354766000074)",Unfall 22775 (2018) Kat:3, Licht: 0,22775,3,3,5,10,18,3,0,0,1,1,0,0
"POINT (9.894031706000021 52.397770106000053)",Unfall 22777 (2018) Kat:1, Licht: 0,22777,1,6,2,10,15,2,0,0,0,0,0,0
"POINT (9.675397499000042 52.377258099000073)",Unfall 22779 (2018) Kat:2, Licht: 0,22779,2,2,4,10,16,3,0,0,1,1,0,0
"POINT (9.665186211000048 52.337164522000080)",Unfall 22781 (2018) Kat:3, Licht: 2,22781,3,3,5,10,20,5,1,2,1,1,0,0
"POINT (9.655863833000069 52.406553294000048)",Unfall 22786 (2018) Kat:3, Licht: 0,22786,3,6,2,10,14,3,0,0,0,1,0,0
"POINT (9.721278821000055 52.606331218000037)",Unfall 22792 (2018) Kat:2, Licht: 0,22792,2,2,5,10,09,3,0,0,0,1,0,0
"POINT (9.588524603000053 52.372471596000082)",Unfall 22800 (2018) Kat:2, Licht: 2,22800,2,6,8,10,06,4,1,2,1,0,0,0
"POINT (9.712215124000068 52.404563587000041)",Unfall 22803 (2018) Kat:2, Licht: 2,22803,2,1,0,10,05,2,0,2,0,0,0,1
"POINT (9.837741568000070 52.469454690000077)",Unfall 22807 (2018) Kat:2, Licht: 0,22807,2,6,4,10,13,5,0,0,0,1,0,0
"POINT (9.738996128000053 52.245884419000049)",Unfall 22808 (2018) Kat:3, Licht: 0,22808,3,2,3,10,15,6,0,0,0,1,0,1
"POINT (10.268358333000037 52.460901248000027)",Unfall 22816 (2018) Kat:2, Licht: 0,22816,2,1,9,10,17,7,0,0,0,1,0,0
"POINT (9.996715578000021 52.446207028000060)",Unfall 22836 (2018) Kat:3, Licht: 0,22836,3,2,2,10,08,6,0,0,0,1,0,0
"POINT (9.813298703000044 52.318960366000056)",Unfall 22843 (2018) Kat:2, Licht: 0,22843,2,6,2,10,10,7,0,0,0,1,0,0
"POINT (9.743289999000069 52.368193609000059)",Unfall 22852 (2018) Kat:2, Licht: 0,22852,2,2,4,10,10,3,0,0,1,1,0,0
"POINT (9.507972494000057 52.408194917000060)",Unfall 22854 (2018) Kat:3, Licht: 0,22854,3,6,2,10,07,3,1,0,0,1,0,0
"POINT (9.840734520000069 52.416922376000059)",Unfall 22858 (2018) Kat:2, Licht: 1,22858,2,6,2,11,17,5,0,1,0,1,0,0
"POINT (9.667764633000047 52.341556429000036)",Unfall 22868 (2018) Kat:3, Licht: 2,22868,3,5,1,10,19,6,1,2,0,1,0,0
"POINT (9.731847329000061 52.369401134000043)",Unfall 22880 (2018) Kat:3, Licht: 0,22880,3,6,3,10,15,5,1,0,0,1,0,1
"POINT (9.477332158000024 52.387294958000041)",Unfall 22884 (2018) Kat:2, Licht: 2,22884,2,2,5,10,06,2,0,2,0,1,0,0
"POINT (9.821514844000035 52.339196560000062)",Unfall 22903 (2018) Kat:3, Licht: 2,22903,3,2,5,10,06,6,1,2,1,1,0,0
"POINT (9.406794308000031 52.411832998000079)",Unfall 22913 (2018) Kat:3, Licht: 0,22913,3,1,9,10,16,4,1,0,0,1,0,0
"POINT (9.942807637000044 52.352477405000059)",Unfall 22918 (2018) Kat:3, Licht: 0,22918,3,1,0,10,15,5,1,0,0,0,0,1
"POINT (9.734972958000071 52.391919037000036)",Unfall 22928 (2018) Kat:3, Licht: 0,22928,3,2,2,10,14,3,1,0,0,1,0,0
"POINT (9.804058289000068 52.337010465000048)",Unfall 22934 (2018) Kat:3, Licht: 1,22934,3,6,2,10,07,3,1,1,0,1,0,0
"POINT (9.735616885000070 52.401159498000027)",Unfall 22939 (2018) Kat:3, Licht: 0,22939,3,6,2,11,11,5,0,0,0,1,0,0
"POINT (9.754904167000063 52.524786846000040)",Unfall 22947 (2018) Kat:3, Licht: 0,22947,3,6,2,10,15,4,0,0,0,0,0,0
"POINT (9.763948606000042 52.343331420000027)",Unfall 22950 (2018) Kat:2, Licht: 0,22950,2,7,0,10,13,7,0,0,1,0,0,0
"POINT (9.798464872000068 52.544306601000073)",Unfall 22952 (2018) Kat:2, Licht: 0,22952,2,1,9,10,11,5,0,0,0,1,0,0
"POINT (9.733820774000037 52.368929618000038)",Unfall 22953 (2018) Kat:3, Licht: 0,22953,3,6,2,11,13,7,0,0,0,1,0,0
"POINT (9.726728410000021 52.375767291000045)",Unfall 22963 (2018) Kat:2, Licht: 0,22963,2,3,5,10,15,3,1,0,1,1,0,0
"POINT (9.512185728000077 52.412408322000033)",Unfall 22964 (2018) Kat:3, Licht: 0,22964,3,6,2,10,15,1,0,0,0,1,0,0
"POINT (9.663165376000052 52.315686956000036)",Unfall 22969 (2018) Kat:3, Licht: 0,22969,3,2,2,10,13,3,0,0,0,1,0,0
"POINT (9.612853420000022 52.469182736000050)",Unfall 22970 (2018) Kat:3, Licht: 0,22970,3,3,5,10,18,1,0,0,1,1,0,0
"POINT (9.534004591000041 52.403526559000056)",Unfall 22973 (2018) Kat:3, Licht: 2,22973,3,3,5,11,20,5,0,2,0,1,0,0
"POINT (9.704053740000063 52.366356048000057)",Unfall 22976 (2018) Kat:3, Licht: 0,22976,3,6,2,10,17,1,0,0,0,1,0,0
"POINT (9.884202283000036 52.427269194000075)",Unfall 22990 (2018) Kat:2, Licht: 0,22990,2,1,9,10,12,1,0,0,0,0,0,1
"POINT (9.733919286000059 52.416485256000044)",Unfall 22995 (2018) Kat:2, Licht: 2,22995,2,4,6,11,22,6,0,2,0,1,1,0
"POINT (9.694036287000074 52.361180710000042)",Unfall 23007 (2018) Kat:3, Licht: 0,23007,3,2,5,11,10,5,0,0,1,1,0,0
"POINT (9.611655976000066 52.436419560000047)",Unfall 23018 (2018) Kat:3, Licht: 2,23018,3,2,4,10,06,6,0,2,1,1,0,0
"POINT (9.776962847000050 52.332968177000055)",Unfall 23032 (2018) Kat:3, Licht: 0,23032,3,6,3,10,08,5,1,0,0,1,0,0
"POINT (9.790676753000071 52.271526536000067)",Unfall 23053 (2018) Kat:3, Licht: 0,23053,3,1,8,10,15,1,0,0,0,0,0,1
"POINT (9.515341255000067 52.412387358000046)",Unfall 23054 (2018) Kat:3, Licht: 1,23054,3,6,2,10,08,6,0,1,0,1,0,0
"POINT (9.622697608000067 52.354845422000039)",Unfall 23062 (2018) Kat:3, Licht: 2,23062,3,1,8,10,06,4,1,2,0,1,0,0
"POINT (9.722297683000022 52.362681201000044)",Unfall 23067 (2018) Kat:3, Licht: 2,23067,3,6,4,10,18,5,0,2,1,0,0,0
"POINT (9.630220516000065 52.263399886000059)",Unfall 23073 (2018) Kat:3, Licht: 0,23073,3,2,5,10,12,4,0,0,0,1,0,1
"POINT (9.607134827000039 52.307973375000074)",Unfall 23077 (2018) Kat:3, Licht: 2,23077,3,3,5,10,22,3,1,2,0,1,0,0
"POINT (9.434877126000060 52.360650553000028)",Unfall 23084 (2018) Kat:3, Licht: 0,23084,3,6,2,10,08,2,1,0,0,1,0,0
"POINT (9.726429361000044 52.375687722000066)",Unfall 23100 (2018) Kat:3, Licht: 1,23100,3,2,0,10,17,4,1,1,0,0,0,1
"POINT (9.697781931000066 52.377106399000070)",Unfall 23101 (2018) Kat:3, Licht: 1,23101,3,6,2,11,06,5,0,1,0,1,0,0
"POINT (9.782224814000074 52.569906370000069)",Unfall 23105 (2018) Kat:3, Licht: 2,23105,3,6,3,10,04,5,1,2,0,1,0,0
"POINT (9.434109201000069 52.421941656000058)",Unfall 23106 (2018) Kat:3, Licht: 0,23106,3,2,5,11,16,7,0,0,1,1,0,0
"POINT (9.505648918000077 52.388483471000029)",Unfall 23113 (2018) Kat:3, Licht: 0,23113,3,2,5,11,07,6,0,0,1,1,0,0
"POINT (9.793406574000073 52.535328472000060)",Unfall 23117 (2018) Kat:1, Licht: 0,23117,1,6,2,10,12,3,0,0,0,1,0,0
"POINT (9.500002174000031 52.329933609000079)",Unfall 23122 (2018) Kat:3, Licht: 2,23122,3,3,5,10,18,3,1,2,0,1,0,0
"POINT (9.792361830000061 52.419309488000067)",Unfall 23128 (2018) Kat:3, Licht: 0,23128,3,1,0,10,10,3,1,0,0,0,0,1
"POINT (9.450082091000070 52.427186953000046)",Unfall 23132 (2018) Kat:3, Licht: 0,23132,3,6,3,11,16,5,0,0,1,1,0,0
"POINT (9.508723372000077 52.408626285000082)",Unfall 23145 (2018) Kat:3, Licht: 0,23145,3,6,2,11,12,6,0,0,0,1,0,0
"POINT (9.673831355000061 52.428686826000046)",Unfall 23159 (2018) Kat:3, Licht: 2,23159,3,6,2,11,06,5,0,2,0,1,0,0
"POINT (9.830099658000052 52.417114613000081)",Unfall 23169 (2018) Kat:3, Licht: 0,23169,3,6,2,10,14,7,0,0,0,1,0,0
"POINT (9.995180632000029 52.317673249000052)",Unfall 23171 (2018) Kat:2, Licht: 0,23171,2,7,9,10,14,6,0,0,0,1,0,0
"POINT (9.725105647000021 52.521220407000044)",Unfall 23172 (2018) Kat:3, Licht: 0,23172,3,6,2,11,14,5,0,0,0,1,0,0
"POINT (9.757135259000052 52.319656333000069)",Unfall 23173 (2018) Kat:3, Licht: 0,23173,3,2,5,10,17,7,0,0,1,1,0,0
"POINT (9.613299753000035 52.430789652000044)",Unfall 23176 (2018) Kat:3, Licht: 2,23176,3,6,3,10,19,7,0,2,1,0,0,0
"POINT (9.569805372000076 52.290702472000078)",Unfall 23180 (2018) Kat:2, Licht: 2,23180,2,7,8,10,20,7,0,2,0,0,0,1
"POINT (9.734780755000031 52.407316394000077)",Unfall 23182 (2018) Kat:3, Licht: 2,23182,3,3,5,10,18,6,0,2,1,1,0,0
"POINT (9.740333408000026 52.368051415000082)",Unfall 23188 (2018) Kat:3, Licht: 0,23188,3,2,5,10,12,7,0,0,1,0,0,0
"POINT (9.773889959000030 52.331786331000046)",Unfall 23194 (2018) Kat:2, Licht: 0,23194,2,2,6,10,14,7,0,0,0,1,1,0
"POINT (9.654969860000051 52.407350882000060)",Unfall 23195 (2018) Kat:3, Licht: 1,23195,3,6,2,10,08,5,1,1,0,1,0,0
"POINT (9.459651795000070 52.305351368000061)",Unfall 23199 (2018) Kat:3, Licht: 0,23199,3,2,6,10,13,2,0,0,0,1,1,0
"POINT (9.733297798000024 52.369219603000033)",Unfall 23209 (2018) Kat:3, Licht: 2,23209,3,3,5,10,02,6,0,2,0,1,0,1
"POINT (9.699539978000075 52.347654497000065)",Unfall 23212 (2018) Kat:3, Licht: 0,23212,3,6,2,10,13,2,0,0,0,1,0,0
"POINT (9.299507755000036 52.498890808000056)",Unfall 23217 (2018) Kat:3, Licht: 0,23217,3,7,8,10,15,4,1,0,0,1,0,0
"POINT (9.456591806000063 52.496968864000053)",Unfall 23220 (2018) Kat:3, Licht: 0,23220,3,4,6,10,16,7,1,0,0,1,1,0
"POINT (9.673182406000024 52.348571501000038)",Unfall 23228 (2018) Kat:3, Licht: 0,23228,3,6,2,10,10,4,1,0,0,1,0,0
"POINT (9.665594012000042 52.339057174000061)",Unfall 23233 (2018) Kat:3, Licht: 0,23233,3,6,2,10,13,5,1,0,0,1,0,1
"POINT (9.735724734000030 52.400365471000043)",Unfall 23243 (2018) Kat:3, Licht: 0,23243,3,6,2,10,10,2,1,0,0,1,0,0
"POINT (9.774523112000054 52.331301362000033)",Unfall 23245 (2018) Kat:3, Licht: 0,23245,3,6,2,10,16,3,1,0,0,1,0,0