WKT,Name,OBJECTID,UKATEGORIE,UTYP1,UART,UMONAT,USTUNDE,UWOCHENTAG,STRZUSTAND,ULICHTVERH,ISTRAD,ISTPKW,ISTFUSS,ISTKRAD
"POINT (9.709531671000036 52.346765033000054)",Unfall 23251 (2018) Kat:3, Licht: 2,23251,3,6,0,10,06,3,1,2,0,0,0,1
"POINT (9.720146586000055 52.391810918000033)",Unfall 23256 (2018) Kat:3, Licht: 0,23256,3,4,6,11,14,5,0,0,0,1,1,0
"POINT (9.848458174000029 52.412335294000059)",Unfall 23269 (2018) Kat:3, Licht: 0,23269,3,6,0,10,07,5,1,0,0,1,0,0
"POINT (9.832287156000064 52.386083374000066)",Unfall 23275 (2018) Kat:3, Licht: 1,23275,3,7,0,10,06,4,0,1,1,0,0,0
"POINT (9.451533844000039 52.424017977000062)",Unfall 23278 (2018) Kat:3, Licht: 1,23278,3,6,2,10,08,2,1,1,0,1,0,0
"POINT (9.773552315000075 52.332493113000055)",Unfall 23280 (2018) Kat:3, Licht: 0,23280,3,3,5,10,15,3,1,0,1,1,0,0
"POINT (9.732071055000063 52.318992331000061)",Unfall 23286 (2018) Kat:3, Licht: 2,23286,3,6,2,10,18,3,1,2,0,1,0,0
"POINT (9.465070837000042 52.457807723000030)",Unfall 23290 (2018) Kat:3, Licht: 0,23290,3,6,2,11,09,5,0,0,0,1,0,0
"POINT (9.650016055000037 52.424463585000069)",Unfall 23302 (2018) Kat:3, Licht: 0,23302,3,6,2,10,16,2,0,0,0,1,0,0
"POINT (9.919003067000062 52.294769659000053)",Unfall 23311 (2018) Kat:3, Licht: 0,23311,3,1,8,11,14,6,0,0,0,1,0,0
"POINT (9.751158156000031 52.359274589000051)",Unfall 23312 (2018) Kat:2, Licht: 0,23312,2,2,5,10,12,2,1,0,0,1,0,0
"POINT (9.860731318000035 52.384102688000041)",Unfall 23319 (2018) Kat:3, Licht: 2,23319,3,5,6,10,16,3,1,2,1,0,1,0
"POINT (9.820792590000053 52.293834992000029)",Unfall 23329 (2018) Kat:2, Licht: 0,23329,2,1,8,10,13,2,1,0,0,0,0,1
"POINT (9.456598177000046 52.494053309000037)",Unfall 23334 (2018) Kat:3, Licht: 1,23334,3,2,6,10,08,6,1,1,0,1,1,0
"POINT (9.734614467000029 52.389324528000031)",Unfall 23337 (2018) Kat:3, Licht: 0,23337,3,5,0,10,12,2,0,0,0,1,0,0
"POINT (9.708791616000042 52.366040786000042)",Unfall 23348 (2018) Kat:3, Licht: 1,23348,3,2,5,10,07,5,1,1,1,1,0,0
"POINT (9.742913893000036 52.368443840000054)",Unfall 23352 (2018) Kat:2, Licht: 0,23352,2,3,5,10,13,2,0,0,1,1,0,0
"POINT (9.512868610000055 52.367517679000059)",Unfall 23357 (2018) Kat:2, Licht: 2,23357,2,1,8,10,06,2,0,2,0,1,0,0
"POINT (9.742141921000041 52.459587508000027)",Unfall 23369 (2018) Kat:2, Licht: 1,23369,2,6,4,10,07,2,1,1,1,0,0,0
"POINT (9.802348910000035 52.317468174000055)",Unfall 23374 (2018) Kat:3, Licht: 0,23374,3,6,2,10,07,6,1,0,0,1,0,0
"POINT (9.576858392000077 52.383676116000061)",Unfall 23383 (2018) Kat:3, Licht: 0,23383,3,1,4,10,13,4,1,0,0,1,0,0
"POINT (9.722795585000029 52.456579519000059)",Unfall 23389 (2018) Kat:3, Licht: 2,23389,3,6,3,10,20,5,0,2,0,1,0,0
"POINT (9.492451064000022 52.294845497000040)",Unfall 23400 (2018) Kat:3, Licht: 0,23400,3,5,1,10,16,3,1,0,0,1,0,0
"POINT (9.724010819000057 52.391050294000081)",Unfall 23407 (2018) Kat:3, Licht: 0,23407,3,2,5,10,16,3,0,0,1,0,0,0
"POINT (9.718296504000023 52.367230365000069)",Unfall 23408 (2018) Kat:3, Licht: 0,23408,3,5,1,10,13,6,0,0,1,1,0,0
"POINT (9.815038004000030 52.303757166000082)",Unfall 23411 (2018) Kat:3, Licht: 0,23411,3,2,3,10,15,6,0,0,0,1,1,0
"POINT (9.624513297000021 52.280191574000071)",Unfall 23419 (2018) Kat:3, Licht: 2,23419,3,2,2,10,20,6,0,2,0,1,0,0
"POINT (9.898076965000030 52.303468139000074)",Unfall 23421 (2018) Kat:3, Licht: 1,23421,3,1,9,10,07,4,1,1,0,1,0,0
"POINT (9.574016837000045 52.282597628000076)",Unfall 23425 (2018) Kat:3, Licht: 0,23425,3,2,6,10,09,6,0,0,0,1,1,0
"POINT (9.798335388000055 52.420367957000053)",Unfall 23426 (2018) Kat:3, Licht: 1,23426,3,3,5,10,07,5,1,1,1,0,0,0
"POINT (9.782216335000044 52.371974551000051)",Unfall 23427 (2018) Kat:3, Licht: 0,23427,3,6,2,11,14,7,0,0,0,1,0,0
"POINT (9.616608257000053 52.429678967000029)",Unfall 23429 (2018) Kat:3, Licht: 1,23429,3,2,4,10,06,6,0,1,1,1,0,0
"POINT (9.775994550000064 52.553365137000071)",Unfall 23433 (2018) Kat:3, Licht: 0,23433,3,6,2,10,15,6,0,0,0,1,0,0
"POINT (9.582224913000061 52.389875356000061)",Unfall 23435 (2018) Kat:3, Licht: 1,23435,3,6,2,11,17,6,0,1,0,1,0,0
"POINT (9.463586207000049 52.379694860000029)",Unfall 23438 (2018) Kat:3, Licht: 0,23438,3,6,3,10,14,3,0,0,0,1,0,0
"POINT (10.260416988000031 52.453738852000072)",Unfall 23439 (2018) Kat:3, Licht: 0,23439,3,3,5,10,15,6,0,0,0,1,0,0
"POINT (9.399294762000068 52.536487828000077)",Unfall 23443 (2018) Kat:3, Licht: 2,23443,3,6,2,10,18,3,1,2,0,1,0,0
"POINT (9.862139263000074 52.380866533000074)",Unfall 23444 (2018) Kat:2, Licht: 2,23444,2,6,4,10,17,6,0,2,0,1,0,1
"POINT (9.665186478000067 52.337173663000044)",Unfall 23447 (2018) Kat:3, Licht: 2,23447,3,3,5,11,17,5,0,2,1,1,0,0
"POINT (9.789932683000075 52.559843002000036)",Unfall 23450 (2018) Kat:3, Licht: 0,23450,3,3,5,10,14,6,0,0,0,1,0,0
"POINT (9.396705259000044 52.456299820000027)",Unfall 23455 (2018) Kat:3, Licht: 0,23455,3,6,6,11,16,5,0,0,1,0,1,0
"POINT (9.648688992000075 52.425914699000032)",Unfall 23458 (2018) Kat:3, Licht: 0,23458,3,7,0,10,16,6,0,0,0,1,0,0
"POINT (9.722456512000065 52.378583283000069)",Unfall 23463 (2018) Kat:3, Licht: 0,23463,3,2,5,10,13,6,0,0,1,1,0,0
"POINT (9.648039780000033 52.426842036000039)",Unfall 23466 (2018) Kat:2, Licht: 0,23466,2,2,5,10,12,6,0,0,1,0,0,0
"POINT (9.854190372000062 52.390414494000026)",Unfall 23468 (2018) Kat:3, Licht: 2,23468,3,2,6,11,21,6,0,2,0,1,1,0
"POINT (9.768614907000028 52.337990105000074)",Unfall 23478 (2018) Kat:3, Licht: 0,23478,3,4,6,10,10,6,0,0,1,0,1,0
"POINT (9.698701770000071 52.347448499000052)",Unfall 23481 (2018) Kat:2, Licht: 2,23481,2,2,5,11,05,5,0,2,0,1,0,0
"POINT (9.946203440000033 52.371377991000031)",Unfall 23493 (2018) Kat:3, Licht: 0,23493,3,6,2,10,08,6,1,0,0,1,0,1
"POINT (9.745227710000052 52.369043608000027)",Unfall 23519 (2018) Kat:3, Licht: 1,23519,3,6,2,10,06,2,0,1,0,1,0,0
"POINT (9.813261515000022 52.318028489000028)",Unfall 23528 (2018) Kat:3, Licht: 2,23528,3,6,2,10,06,6,1,2,0,1,0,0
"POINT (9.725454954000043 52.322541732000047)",Unfall 23535 (2018) Kat:3, Licht: 2,23535,3,3,5,10,06,4,1,2,0,1,0,0
"POINT (9.743316180000022 52.368216463000067)",Unfall 23540 (2018) Kat:3, Licht: 0,23540,3,2,5,10,15,5,1,0,1,1,0,0
"POINT (9.652046726000037 52.239325582000049)",Unfall 23552 (2018) Kat:3, Licht: 2,23552,3,1,8,10,03,5,1,2,0,1,0,0
"POINT (9.482074813000054 52.392485246000035)",Unfall 23572 (2018) Kat:3, Licht: 0,23572,3,7,0,10,09,4,1,0,0,1,0,0
"POINT (9.842158482000059 52.388036267000075)",Unfall 23573 (2018) Kat:3, Licht: 2,23573,3,3,5,11,18,5,1,2,0,1,0,0
"POINT (9.678649926000048 52.229723790000037)",Unfall 23578 (2018) Kat:1, Licht: 0,23578,1,3,5,11,14,7,0,0,1,1,0,0
"POINT (9.480776649000063 52.458525959000042)",Unfall 23585 (2018) Kat:3, Licht: 0,23585,3,7,5,11,07,6,1,0,0,1,0,0
"POINT (9.888677230000042 52.424857497000062)",Unfall 23588 (2018) Kat:3, Licht: 0,23588,3,6,2,10,07,3,0,0,0,1,0,0
"POINT (9.695931581000025 52.430367899000032)",Unfall 23592 (2018) Kat:3, Licht: 0,23592,3,6,2,10,14,4,0,0,0,1,0,0
"POINT (9.629984089000061 52.421571069000038)",Unfall 23596 (2018) Kat:3, Licht: 2,23596,3,1,8,10,20,3,1,2,0,1,0,0
"POINT (9.659168427000054 52.312635562000082)",Unfall 23602 (2018) Kat:3, Licht: 0,23602,3,6,2,10,08,3,1,0,0,1,0,0
"POINT (9.466787061000048 52.421300200000076)",Unfall 23606 (2018) Kat:2, Licht: 0,23606,2,3,5,11,14,5,0,0,0,1,0,1
"POINT (9.671763792000036 52.428420258000074)",Unfall 23618 (2018) Kat:3, Licht: 2,23618,3,6,2,11,06,6,0,2,0,1,0,0
"POINT (9.877944487000036 52.436054871000067)",Unfall 23645 (2018) Kat:3, Licht: 2,23645,3,7,2,11,00,7,0,2,0,1,0,0
"POINT (9.801599249000049 52.431295243000079)",Unfall 23658 (2018) Kat:3, Licht: 0,23658,3,4,6,11,15,6,0,0,0,1,1,0
"POINT (9.725308687000052 52.376891126000032)",Unfall 23662 (2018) Kat:3, Licht: 2,23662,3,2,5,11,20,3,0,2,1,1,0,0
"POINT (9.732971589000044 52.420802105000064)",Unfall 23676 (2018) Kat:3, Licht: 2,23676,3,2,4,11,18,2,1,2,0,1,0,0
"POINT (10.080853527000045 52.517929564000042)",Unfall 23679 (2018) Kat:2, Licht: 0,23679,2,1,8,11,13,4,0,0,0,0,0,1
"POINT (9.528694677000033 52.512658211000030)",Unfall 23713 (2018) Kat:3, Licht: 0,23713,3,7,8,11,11,2,1,0,0,0,0,1
"POINT (9.847110185000076 52.434139762000029)",Unfall 23714 (2018) Kat:3, Licht: 2,23714,3,4,6,11,17,2,1,2,0,1,1,0
"POINT (9.454221847000042 52.484559114000035)",Unfall 23715 (2018) Kat:3, Licht: 2,23715,3,6,2,11,17,5,0,2,0,1,0,0
"POINT (9.507873902000029 52.413054173000035)",Unfall 23717 (2018) Kat:3, Licht: 0,23717,3,6,2,11,12,4,0,0,0,1,0,0
"POINT (9.841864345000033 52.302429976000042)",Unfall 23728 (2018) Kat:3, Licht: 0,23728,3,6,2,11,15,7,0,0,0,1,0,0
"POINT (9.770277281000062 52.247439558000053)",Unfall 23730 (2018) Kat:3, Licht: 0,23730,3,7,4,11,09,5,0,0,0,1,0,0
"POINT (9.646152244000064 52.403963843000042)",Unfall 23733 (2018) Kat:3, Licht: 1,23733,3,3,5,11,07,3,0,1,1,0,0,0
"POINT (9.738988295000070 52.437766705000058)",Unfall 23740 (2018) Kat:3, Licht: 1,23740,3,3,5,11,16,6,0,1,1,1,0,0
"POINT (9.464245645000062 52.511929012000053)",Unfall 23751 (2018) Kat:3, Licht: 0,23751,3,2,4,11,12,7,1,0,0,1,0,0
"POINT (9.740168935000042 52.301991286000032)",Unfall 23752 (2018) Kat:2, Licht: 0,23752,2,2,5,11,12,2,0,0,1,1,0,0
"POINT (9.565602904000059 52.448689206000040)",Unfall 23753 (2018) Kat:1, Licht: 0,23753,1,1,8,11,12,2,1,0,0,1,0,0
"POINT (9.697759800000029 52.377127307000080)",Unfall 23755 (2018) Kat:3, Licht: 2,23755,3,6,2,11,06,6,0,2,0,1,0,0
"POINT (9.552790389000052 52.421361328000046)",Unfall 23756 (2018) Kat:3, Licht: 0,23756,3,6,0,11,12,4,0,0,0,0,0,0
"POINT (9.734119108000073 52.369071241000029)",Unfall 23767 (2018) Kat:2, Licht: 2,23767,2,3,5,11,22,7,0,2,1,1,0,0
"POINT (9.429977726000061 52.426195699000061)",Unfall 23791 (2018) Kat:3, Licht: 1,23791,3,3,5,11,07,3,0,1,1,1,0,0
"POINT (9.786070701000028 52.388601136000034)",Unfall 23822 (2018) Kat:3, Licht: 0,23822,3,6,2,11,15,3,0,0,0,1,0,0
"POINT (9.734539294000058 52.388893993000067)",Unfall 23831 (2018) Kat:3, Licht: 0,23831,3,5,1,11,08,6,0,0,0,1,0,0
"POINT (9.834490919000075 52.500065476000032)",Unfall 23835 (2018) Kat:2, Licht: 0,23835,2,3,5,11,08,3,1,0,0,1,0,0
"POINT (9.749180424000031 52.361844187000031)",Unfall 23857 (2018) Kat:3, Licht: 1,23857,3,1,0,11,17,3,1,1,1,0,0,0
"POINT (9.692805059000023 52.361038194000059)",Unfall 23864 (2018) Kat:3, Licht: 0,23864,3,3,5,11,14,6,0,0,1,1,0,0
"POINT (9.891320868000037 52.312785347000045)",Unfall 23876 (2018) Kat:3, Licht: 2,23876,3,1,9,11,20,2,1,2,0,1,0,0
"POINT (9.798216730000036 52.416619070000081)",Unfall 23877 (2018) Kat:3, Licht: 2,23877,3,7,0,11,22,2,1,2,1,0,0,0
"POINT (9.731620516000021 52.369521557000041)",Unfall 23878 (2018) Kat:3, Licht: 2,23878,3,2,5,11,17,3,0,2,1,1,0,0
"POINT (9.817543867000040 52.300697264000064)",Unfall 23882 (2018) Kat:3, Licht: 0,23882,3,6,2,11,13,3,0,0,0,1,0,0
"POINT (9.762794086000042 52.344467133000080)",Unfall 23884 (2018) Kat:3, Licht: 1,23884,3,2,5,11,17,3,0,1,1,1,0,0
"POINT (9.735893823000026 52.397391994000031)",Unfall 23886 (2018) Kat:3, Licht: 0,23886,3,5,1,11,14,2,0,0,0,1,0,0
"POINT (9.467323756000042 52.332760278000080)",Unfall 23887 (2018) Kat:3, Licht: 2,23887,3,6,2,11,20,2,1,2,0,1,0,0
"POINT (9.722055324000053 52.337753851000059)",Unfall 23888 (2018) Kat:3, Licht: 1,23888,3,6,2,11,16,5,0,1,0,1,0,0
"POINT (9.723823511000035 52.377740918000029)",Unfall 23890 (2018) Kat:3, Licht: 2,23890,3,6,2,11,20,4,0,2,0,1,0,0
"POINT (9.728096760000028 52.381521937000059)",Unfall 23891 (2018) Kat:3, Licht: 0,23891,3,2,5,11,10,3,0,0,0,1,0,1
"POINT (9.475722068000039 52.297884346000046)",Unfall 23894 (2018) Kat:3, Licht: 0,23894,3,3,5,11,07,3,0,0,1,0,0,0
"POINT (9.492480719000071 52.279636057000062)",Unfall 23899 (2018) Kat:3, Licht: 0,23899,3,6,4,11,16,3,0,0,0,1,0,0
"POINT (9.816761805000056 52.409087005000060)",Unfall 23901 (2018) Kat:3, Licht: 0,23901,3,6,3,11,13,6,0,0,0,1,0,0
"POINT (9.709801804000051 52.366275114000075)",Unfall 23904 (2018) Kat:3, Licht: 0,23904,3,4,1,11,10,5,0,0,0,1,1,0
"POINT (9.586150642000064 52.435906731000046)",Unfall 23905 (2018) Kat:3, Licht: 2,23905,3,6,2,11,18,3,0,2,0,1,0,0
"POINT (9.891575974000034 52.312768278000078)",Unfall 23910 (2018) Kat:3, Licht: 2,23910,3,1,0,11,18,3,0,2,0,0,0,1
"POINT (10.022405599000024 52.432016336000061)",Unfall 23912 (2018) Kat:3, Licht: 2,23912,3,7,8,11,20,7,1,2,0,1,0,0
"POINT (9.817999800000052 52.517119738000076)",Unfall 23914 (2018) Kat:3, Licht: 0,23914,3,1,8,11,09,2,0,0,0,1,0,0
"POINT (9.840119049000066 52.417310552000060)",Unfall 23915 (2018) Kat:3, Licht: 0,23915,3,6,2,11,12,2,0,0,0,1,0,0
"POINT (10.014620392000040 52.508458032000078)",Unfall 23918 (2018) Kat:3, Licht: 2,23918,3,6,2,11,06,3,1,2,0,1,0,0
"POINT (9.537709763000066 52.513969979000080)",Unfall 23921 (2018) Kat:2, Licht: 0,23921,2,2,5,11,12,1,0,0,0,1,0,0
"POINT (10.281017245000044 52.469556124000064)",Unfall 23924 (2018) Kat:3, Licht: 0,23924,3,1,8,11,14,5,0,0,0,1,0,0
"POINT (9.517086592000055 52.512366924000048)",Unfall 23926 (2018) Kat:3, Licht: 0,23926,3,1,8,11,10,4,0,0,0,1,0,0
"POINT (9.832863946000032 52.398763268000039)",Unfall 23927 (2018) Kat:3, Licht: 2,23927,3,2,5,11,06,3,1,2,1,1,0,0
"POINT (9.669934457000068 52.433818423000048)",Unfall 23934 (2018) Kat:3, Licht: 1,23934,3,7,0,11,17,3,0,1,0,1,0,0
"POINT (9.407937878000041 52.334221823000064)",Unfall 23937 (2018) Kat:3, Licht: 2,23937,3,6,4,11,16,7,0,2,1,1,0,0
"POINT (9.455371750000040 52.479401092000046)",Unfall 23939 (2018) Kat:3, Licht: 0,23939,3,3,5,11,14,5,0,0,1,1,0,0
"POINT (9.455756192000024 52.507185406000076)",Unfall 23940 (2018) Kat:2, Licht: 0,23940,2,2,5,11,12,3,0,0,1,0,0,0
"POINT (10.259945997000045 52.447463000000027)",Unfall 23946 (2018) Kat:2, Licht: 0,23946,2,6,4,11,06,3,1,0,0,1,0,0
"POINT (9.781691955000042 52.570459485000072)",Unfall 23954 (2018) Kat:3, Licht: 0,23954,3,6,2,11,11,3,0,0,0,1,0,0
"POINT (9.462705454000059 52.467287541000076)",Unfall 23955 (2018) Kat:3, Licht: 2,23955,3,3,5,11,07,3,1,2,0,1,0,0
"POINT (9.687572312000043 52.330130471000075)",Unfall 23976 (2018) Kat:2, Licht: 1,23976,2,6,4,11,16,7,0,1,0,1,0,0
"POINT (9.973460976000069 52.383874608000042)",Unfall 23990 (2018) Kat:3, Licht: 2,23990,3,3,5,11,19,6,0,2,1,1,0,0
"POINT (9.651881042000071 52.415281547000063)",Unfall 24009 (2018) Kat:3, Licht: 0,24009,3,6,2,11,09,2,1,0,0,1,0,0
"POINT (9.555636385000071 52.204804900000056)",Unfall 24017 (2018) Kat:3, Licht: 2,24017,3,3,5,11,17,3,1,2,0,1,0,0
"POINT (9.559473391000040 52.400487613000053)",Unfall 24050 (2018) Kat:3, Licht: 2,24050,3,3,5,11,17,2,1,2,1,1,0,0
"POINT (9.973468539000066 52.372653033000063)",Unfall 24051 (2018) Kat:3, Licht: 0,24051,3,6,2,11,08,2,1,0,0,1,0,0
"POINT (9.555846859000042 52.204806518000055)",Unfall 24052 (2018) Kat:3, Licht: 0,24052,3,2,5,11,11,5,0,0,1,1,0,0
"POINT (9.655308807000040 52.206261526000048)",Unfall 24054 (2018) Kat:3, Licht: 0,24054,3,3,5,11,08,4,0,0,0,1,0,0
"POINT (9.735859963000053 52.399196050000057)",Unfall 24058 (2018) Kat:3, Licht: 2,24058,3,4,6,11,17,3,1,2,0,1,1,0
"POINT (9.717972120000070 52.395055263000074)",Unfall 24065 (2018) Kat:3, Licht: 0,24065,3,2,5,11,10,6,1,0,1,1,0,0
"POINT (9.375195600000041 52.421904163000079)",Unfall 24068 (2018) Kat:3, Licht: 1,24068,3,5,3,11,08,5,0,1,0,1,0,0
"POINT (9.650646038000048 52.391128372000026)",Unfall 24074 (2018) Kat:3, Licht: 2,24074,3,6,4,11,06,6,1,2,1,0,0,0
"POINT (9.727360082000075 52.381239673000039)",Unfall 24086 (2018) Kat:3, Licht: 2,24086,3,3,5,11,18,7,1,2,1,1,0,0
"POINT (9.645686740000031 52.423629890000029)",Unfall 24087 (2018) Kat:2, Licht: 2,24087,2,6,2,11,16,2,1,2,0,1,0,0
"POINT (9.707487155000024 52.424350671000070)",Unfall 24088 (2018) Kat:1, Licht: 0,24088,1,2,5,11,15,2,0,0,0,1,0,1
"POINT (9.859022347000064 52.463227846000052)",Unfall 24089 (2018) Kat:3, Licht: 0,24089,3,7,8,11,11,5,0,0,0,0,0,0
"POINT (9.723207266000031 52.377838827000062)",Unfall 24091 (2018) Kat:2, Licht: 2,24091,2,2,5,11,19,4,0,2,0,1,0,0
"POINT (9.977295021000032 52.375004313000034)",Unfall 24102 (2018) Kat:3, Licht: 0,24102,3,6,2,11,12,7,0,0,0,1,0,0
"POINT (9.588292896000041 52.321034841000028)",Unfall 24103 (2018) Kat:2, Licht: 0,24103,2,2,5,11,08,5,0,0,0,0,0,1
"POINT (9.805918482000038 52.558842265000067)",Unfall 24119 (2018) Kat:3, Licht: 2,24119,3,2,4,11,18,3,0,2,1,1,0,0
"POINT (9.732145551000031 52.617303766000077)",Unfall 24122 (2018) Kat:3, Licht: 0,24122,3,6,2,11,11,2,0,0,0,1,0,0
"POINT (9.733386352000025 52.369007764000060)",Unfall 24123 (2018) Kat:3, Licht: 1,24123,3,1,0,11,17,4,0,1,1,0,0,0
"POINT (9.710771412000042 52.314391634000060)",Unfall 24124 (2018) Kat:2, Licht: 2,24124,2,7,5,11,17,7,1,2,0,1,0,1
"POINT (9.720432187000029 52.391495075000080)",Unfall 24142 (2018) Kat:3, Licht: 0,24142,3,2,3,11,16,4,0,0,1,1,0,0
"POINT (9.461062848000040 52.402883233000068)",Unfall 24149 (2018) Kat:3, Licht: 0,24149,3,2,4,11,16,4,0,0,0,1,0,0
"POINT (9.777463690000047 52.520140375000040)",Unfall 24159 (2018) Kat:2, Licht: 2,24159,2,6,2,11,17,3,0,2,0,1,0,0
"POINT (9.713665650000053 52.361460476000047)",Unfall 24169 (2018) Kat:3, Licht: 2,24169,3,2,5,11,16,2,0,2,0,1,0,0
"POINT (9.784351182000023 52.270851870000058)",Unfall 24171 (2018) Kat:3, Licht: 0,24171,3,6,2,11,08,2,0,0,0,1,0,0
"POINT (9.646380187000034 52.401286688000027)",Unfall 24172 (2018) Kat:3, Licht: 0,24172,3,6,2,11,16,4,0,0,0,1,0,0
"POINT (9.547971634000021 52.517424236000068)",Unfall 24183 (2018) Kat:3, Licht: 1,24183,3,6,2,11,16,4,0,1,1,1,0,0
"POINT (9.455242765000037 52.507703040000081)",Unfall 24190 (2018) Kat:3, Licht: 0,24190,3,3,5,11,15,4,0,0,1,1,0,0
"POINT (9.700414614000067 52.347434790000079)",Unfall 24201 (2018) Kat:3, Licht: 0,24201,3,6,2,11,10,6,1,0,0,1,0,0
"POINT (9.740359668000053 52.552335192000044)",Unfall 24213 (2018) Kat:3, Licht: 0,24213,3,3,5,11,10,4,0,0,0,1,0,0
"POINT (9.578971772000045 52.459106374000044)",Unfall 24215 (2018) Kat:3, Licht: 0,24215,3,5,1,11,10,2,0,0,0,1,0,0
"POINT (10.022789594000074 52.456000516000074)",Unfall 24216 (2018) Kat:3, Licht: 0,24216,3,6,2,11,12,2,1,0,0,1,0,0
"POINT (9.640512903000058 52.472932849000074)",Unfall 24217 (2018) Kat:3, Licht: 2,24217,3,3,5,11,18,5,0,2,0,1,0,0
"POINT (9.652288106000071 52.307161394000047)",Unfall 24219 (2018) Kat:3, Licht: 0,24219,3,6,2,11,16,4,0,0,0,1,0,0
"POINT (9.732098716000053 52.435243672000070)",Unfall 24221 (2018) Kat:3, Licht: 2,24221,3,5,1,11,21,4,0,2,0,1,0,0
"POINT (9.697770016000050 52.376325934000079)",Unfall 24227 (2018) Kat:3, Licht: 2,24227,3,6,2,11,07,2,1,2,0,1,0,0
"POINT (9.728302816000053 52.318824846000041)",Unfall 24228 (2018) Kat:3, Licht: 1,24228,3,6,2,11,07,2,1,1,0,1,0,0
"POINT (9.733918531000029 52.416490878000047)",Unfall 24233 (2018) Kat:3, Licht: 2,24233,3,2,5,11,18,4,0,2,1,1,0,0
"POINT (9.575991126000076 52.278003397000077)",Unfall 24236 (2018) Kat:3, Licht: 1,24236,3,2,3,11,07,3,0,1,1,0,0,0
"POINT (9.721216186000049 52.361697163000031)",Unfall 24243 (2018) Kat:2, Licht: 0,24243,2,4,6,11,13,6,0,0,0,1,1,0
"POINT (9.717063179000036 52.356391036000048)",Unfall 24246 (2018) Kat:3, Licht: 2,24246,3,2,3,11,17,5,0,2,0,1,0,0
"POINT (9.726395111000045 52.388374045000035)",Unfall 24254 (2018) Kat:3, Licht: 0,24254,3,2,5,11,13,4,0,0,1,1,0,0
"POINT (9.521827209000037 52.302606418000039)",Unfall 24255 (2018) Kat:3, Licht: 0,24255,3,1,9,11,15,7,0,0,0,0,0,1
"POINT (9.862954966000075 52.379734357000075)",Unfall 24256 (2018) Kat:3, Licht: 0,24256,3,3,5,11,07,2,1,0,1,1,0,0
"POINT (9.578202069000042 52.423440515000038)",Unfall 24257 (2018) Kat:3, Licht: 0,24257,3,1,9,11,15,2,1,0,0,0,0,1
"POINT (9.742921284000033 52.368447938000031)",Unfall 24270 (2018) Kat:3, Licht: 2,24270,3,3,5,11,19,7,0,2,1,1,0,0
"POINT (9.794216018000043 52.371447672000045)",Unfall 24279 (2018) Kat:3, Licht: 0,24279,3,4,6,11,16,7,0,0,1,0,1,0
"POINT (9.611130783000021 52.298804760000053)",Unfall 24281 (2018) Kat:3, Licht: 2,24281,3,2,2,11,18,5,0,2,0,1,0,0
"POINT (9.783431332000021 52.323242559000050)",Unfall 24289 (2018) Kat:3, Licht: 0,24289,3,2,5,11,10,4,0,0,1,0,0,0
"POINT (9.607858262000036 52.388282574000073)",Unfall 24296 (2018) Kat:3, Licht: 0,24296,3,6,2,11,15,3,0,0,0,1,0,0
"POINT (9.761828473000037 52.536740350000059)",Unfall 24308 (2018) Kat:3, Licht: 0,24308,3,1,8,11,14,1,0,0,0,0,0,1
"POINT (9.792921174000071 52.430581546000042)",Unfall 24309 (2018) Kat:3, Licht: 0,24309,3,7,1,11,08,4,0,0,0,1,0,0
"POINT (9.468818599000031 52.382835558000068)",Unfall 24315 (2018) Kat:3, Licht: 2,24315,3,6,2,11,17,1,0,2,0,1,0,0
"POINT (9.777605499000060 52.195203812000045)",Unfall 24328 (2018) Kat:2, Licht: 1,24328,2,3,0,11,16,1,0,1,1,1,0,0
"POINT (9.466021774000069 52.304034554000054)",Unfall 24333 (2018) Kat:3, Licht: 0,24333,3,2,6,11,09,6,1,0,0,1,1,0
"POINT (10.032285037000065 52.523861654000029)",Unfall 24337 (2018) Kat:3, Licht: 0,24337,3,6,2,11,12,3,0,0,0,1,0,0
"POINT (9.655902091000030 52.406380739000042)",Unfall 24351 (2018) Kat:3, Licht: 1,24351,3,6,2,11,18,2,0,1,0,1,0,0
"POINT (9.827199187000076 52.345268007000072)",Unfall 24358 (2018) Kat:3, Licht: 0,24358,3,5,0,11,16,3,0,0,1,1,0,0
"POINT (9.359952478000025 52.454163542000060)",Unfall 24365 (2018) Kat:3, Licht: 0,24365,3,7,1,11,11,6,0,0,0,1,0,0
"POINT (9.491815260000067 52.415987898000026)",Unfall 24387 (2018) Kat:3, Licht: 2,24387,3,6,2,11,22,2,1,2,0,1,0,0
"POINT (9.608396830000061 52.444807036000043)",Unfall 24388 (2018) Kat:3, Licht: 0,24388,3,4,6,11,08,2,1,0,0,1,1,0
"POINT (9.800651023000057 52.406522682000059)",Unfall 24389 (2018) Kat:3, Licht: 0,24389,3,6,2,11,09,5,1,0,0,1,0,0
"POINT (9.733950912000069 52.386700049000069)",Unfall 24391 (2018) Kat:3, Licht: 0,24391,3,3,5,11,14,4,0,0,1,1,0,0
"POINT (9.675868362000074 52.324020273000031)",Unfall 24395 (2018) Kat:3, Licht: 0,24395,3,6,2,11,14,3,0,0,0,1,0,0
"POINT (9.834254613000041 52.279363191000073)",Unfall 24402 (2018) Kat:2, Licht: 0,24402,2,6,2,11,10,6,1,0,0,1,0,0