WKT,Name,OBJECTID,UKATEGORIE,UTYP1,UART,UMONAT,USTUNDE,UWOCHENTAG,STRZUSTAND,ULICHTVERH,ISTRAD,ISTPKW,ISTFUSS,ISTKRAD
"POINT (9.701177614000073 52.370322694000038)",Unfall 25689 (2018) Kat:3, Licht: 2,25689,3,6,2,12,17,2,1,2,0,1,0,0
"POINT (9.751191376000065 52.359231364000038)",Unfall 25691 (2018) Kat:2, Licht: 2,25691,2,2,0,12,06,2,1,2,0,1,0,1
"POINT (9.826096416000041 52.362374920000036)",Unfall 25694 (2018) Kat:3, Licht: 2,25694,3,3,5,12,19,3,0,2,1,1,0,0
"POINT (9.633847037000066 52.331101336000074)",Unfall 25701 (2018) Kat:3, Licht: 2,25701,3,6,2,12,16,2,0,2,0,1,0,0
"POINT (9.618175809000036 52.428731176000042)",Unfall 25706 (2018) Kat:3, Licht: 2,25706,3,3,5,12,18,3,1,2,0,1,0,0
"POINT (9.713714324000023 52.378219000000058)",Unfall 25710 (2018) Kat:3, Licht: 1,25710,3,7,1,12,16,1,1,1,0,1,0,0
"POINT (9.701122847000022 52.371060559000057)",Unfall 25724 (2018) Kat:3, Licht: 2,25724,3,6,2,12,21,4,0,2,0,1,0,0
"POINT (10.012603068000033 52.447543026000062)",Unfall 25725 (2018) Kat:3, Licht: 2,25725,3,2,5,12,18,4,0,2,0,1,0,0
"POINT (9.995471018000046 52.443970992000061)",Unfall 25726 (2018) Kat:3, Licht: 2,25726,3,6,2,12,18,4,1,2,0,1,0,0
"POINT (9.548110869000027 52.455611620000070)",Unfall 25728 (2018) Kat:2, Licht: 2,25728,2,1,8,12,16,4,0,2,0,0,0,0
"POINT (9.670185633000074 52.347533765000037)",Unfall 25731 (2018) Kat:3, Licht: 0,25731,3,2,5,12,14,2,1,0,0,1,0,0
"POINT (9.882373949000055 52.359089852000068)",Unfall 25742 (2018) Kat:3, Licht: 2,25742,3,1,9,12,17,2,1,2,0,1,0,0
"POINT (9.468325382000046 52.421769510000047)",Unfall 25747 (2018) Kat:3, Licht: 0,25747,3,7,0,12,11,3,0,0,0,1,0,0
"POINT (9.672671197000057 52.428703464000080)",Unfall 25754 (2018) Kat:3, Licht: 1,25754,3,6,2,12,15,2,1,1,0,1,0,0
"POINT (10.019673276000049 52.384147052000060)",Unfall 25759 (2018) Kat:3, Licht: 2,25759,3,2,5,12,06,3,1,2,0,1,0,0
"POINT (9.797499942000059 52.455162652000070)",Unfall 25773 (2018) Kat:2, Licht: 2,25773,2,2,6,12,16,1,1,2,0,1,1,0
"POINT (9.464467254000056 52.402900373000080)",Unfall 25780 (2018) Kat:3, Licht: 0,25780,3,1,8,12,14,2,0,0,0,0,0,1
"POINT (9.643210749000048 52.397076314000060)",Unfall 25782 (2018) Kat:3, Licht: 0,25782,3,5,6,12,15,6,1,0,0,1,1,0
"POINT (9.728118980000033 52.427584037000031)",Unfall 25801 (2018) Kat:2, Licht: 2,25801,2,6,2,12,20,7,1,2,0,1,0,0
"POINT (9.730982919000041 52.382500093000033)",Unfall 25805 (2018) Kat:3, Licht: 0,25805,3,6,2,12,11,7,1,0,0,1,0,0
"POINT (9.686510263000059 52.389922622000029)",Unfall 25834 (2018) Kat:3, Licht: 1,25834,3,1,8,12,15,6,1,1,0,1,0,0
"POINT (9.726366615000075 52.388388418000034)",Unfall 25835 (2018) Kat:3, Licht: 2,25835,3,3,5,12,00,1,0,2,0,1,0,0
"POINT (9.959235188000037 52.363728803000072)",Unfall 25841 (2018) Kat:3, Licht: 0,25841,3,3,5,12,14,6,1,0,1,1,0,0
"POINT (9.798219067000048 52.412699304000057)",Unfall 25842 (2018) Kat:3, Licht: 2,25842,3,2,6,12,16,5,0,2,0,1,1,0
"POINT (9.879102045000025 52.434830890000057)",Unfall 25845 (2018) Kat:3, Licht: 2,25845,3,7,3,12,16,5,1,2,0,1,0,0
"POINT (10.056919273000062 52.372197045000064)",Unfall 25847 (2018) Kat:3, Licht: 0,25847,3,6,2,12,09,5,0,0,0,1,0,0
"POINT (9.740181434000022 52.608473869000079)",Unfall 25863 (2018) Kat:3, Licht: 0,25863,3,1,9,12,15,2,1,0,0,1,0,0
"POINT (9.607031109000047 52.311434861000066)",Unfall 25867 (2018) Kat:3, Licht: 0,25867,3,2,5,12,11,7,1,0,1,1,0,0
"POINT (9.570867153000052 52.614354314000082)",Unfall 25874 (2018) Kat:3, Licht: 0,25874,3,2,4,12,11,6,1,0,0,1,0,0
"POINT (9.690319894000027 52.374770433000037)",Unfall 25905 (2018) Kat:3, Licht: 2,25905,3,3,5,12,23,1,1,2,0,1,0,0
"POINT (9.406476921000035 52.411485902000038)",Unfall 25913 (2018) Kat:3, Licht: 2,25913,3,1,9,12,23,2,1,2,0,1,0,0
"POINT (9.439819313000044 52.417890027000055)",Unfall 25916 (2018) Kat:3, Licht: 0,25916,3,4,6,12,11,6,1,0,0,1,1,0
"POINT (9.714307656000074 52.362213228000030)",Unfall 25920 (2018) Kat:3, Licht: 2,25920,3,1,8,12,18,7,1,2,0,1,0,0
"POINT (9.962871447000055 52.482611209000027)",Unfall 25935 (2018) Kat:3, Licht: 0,25935,3,1,8,12,13,7,1,0,0,1,0,0
"POINT (9.696225470000059 52.379953422000028)",Unfall 25971 (2018) Kat:3, Licht: 0,25971,3,6,2,12,09,1,1,0,0,1,0,0
"POINT (9.726693713000032 52.488987921000046)",Unfall 25973 (2018) Kat:3, Licht: 2,25973,3,6,3,12,21,6,1,2,0,1,0,0
"POINT (9.709381166000071 52.169014938000032)",Unfall 25980 (2018) Kat:3, Licht: 0,25980,3,3,5,12,10,2,1,0,0,1,0,0
"POINT (9.700052266000057 52.347570915000063)",Unfall 25982 (2018) Kat:3, Licht: 2,25982,3,6,2,12,18,4,2,2,0,1,0,0
"POINT (9.718346340000039 52.378552583000044)",Unfall 25984 (2018) Kat:3, Licht: 2,25984,3,1,8,12,21,4,1,2,0,1,0,0
"POINT (9.734574055000053 52.411467844000072)",Unfall 25987 (2018) Kat:3, Licht: 0,25987,3,2,5,12,12,4,0,0,1,1,0,0
"POINT (9.432120516000055 52.358328234000055)",Unfall 25991 (2018) Kat:3, Licht: 2,25991,3,6,2,12,16,4,0,2,0,1,0,0
"POINT (9.663382973000068 52.343411255000035)",Unfall 25995 (2018) Kat:3, Licht: 2,25995,3,4,6,12,17,6,1,2,0,1,1,0
"POINT (9.614831303000074 52.392292880000070)",Unfall 26009 (2018) Kat:3, Licht: 0,26009,3,3,5,12,11,7,1,0,0,1,0,0
"POINT (9.661563326000021 52.376962124000045)",Unfall 26021 (2018) Kat:2, Licht: 0,26021,2,2,6,12,12,7,1,0,0,1,1,0
"POINT (9.721003729000074 52.338869563000060)",Unfall 26053 (2018) Kat:3, Licht: 0,26053,3,6,3,12,13,2,0,0,0,1,0,0
"POINT (9.764032867000026 52.343610275000060)",Unfall 26055 (2018) Kat:3, Licht: 0,26055,3,6,2,12,14,6,1,0,0,1,0,0
"POINT (9.713643748000038 52.361933720000081)",Unfall 26058 (2018) Kat:3, Licht: 2,26058,3,6,2,12,18,7,1,2,0,1,0,0
"POINT (10.019565553000064 52.384119522000049)",Unfall 26073 (2018) Kat:3, Licht: 0,26073,3,2,4,12,15,7,1,0,0,1,0,0
"POINT (9.431631491000076 52.319046280000066)",Unfall 26079 (2018) Kat:3, Licht: 0,26079,3,3,5,12,12,6,1,0,0,1,0,0
"POINT (10.151661840000031 52.361011873000052)",Unfall 26081 (2018) Kat:2, Licht: 0,26081,2,6,3,12,09,2,1,0,0,1,0,0
"POINT (9.785439223000026 52.320139040000072)",Unfall 26085 (2018) Kat:3, Licht: 0,26085,3,3,5,12,10,7,1,0,1,1,0,0
"POINT (9.697781931000066 52.377106399000070)",Unfall 26095 (2018) Kat:3, Licht: 0,26095,3,6,2,12,14,3,0,0,0,1,0,0
"POINT (9.862725108000063 52.307454029000041)",Unfall 26099 (2018) Kat:3, Licht: 2,26099,3,2,5,12,18,2,1,2,0,1,0,0
"POINT (10.026838535000024 52.316648895000071)",Unfall 26134 (2018) Kat:3, Licht: 0,26134,3,3,5,12,13,1,0,0,1,1,0,0
"POINT (9.723322326000073 52.377777586000036)",Unfall 26197 (2018) Kat:3, Licht: 2,26197,3,7,0,12,17,7,1,2,1,1,0,0
"POINT (9.860899835000055 52.383585500000038)",Unfall 26199 (2018) Kat:3, Licht: 0,26199,3,2,2,12,12,7,1,0,0,1,0,0
"POINT (9.746186183000077 52.184350919000053)",Unfall 26202 (2018) Kat:3, Licht: 2,26202,3,3,5,12,21,7,1,2,0,1,0,0
"POINT (9.779972577000024 52.377849979000075)",Unfall 26204 (2018) Kat:3, Licht: 2,26204,3,1,9,12,19,7,1,2,0,1,0,0
"POINT (9.757785990000059 52.589320870000051)",Unfall 26208 (2018) Kat:3, Licht: 0,26208,3,6,2,12,11,7,1,0,0,1,0,0
"POINT (9.456867686000066 52.499695911000060)",Unfall 26291 (2018) Kat:3, Licht: 2,26291,3,2,5,12,22,6,1,2,0,1,0,0
"POINT (9.829890697000053 52.339475060000041)",Unfall 26294 (2018) Kat:3, Licht: 0,26294,3,1,8,12,21,6,1,0,0,1,0,0
"POINT (9.715727261000041 52.378158792000079)",Unfall 26297 (2018) Kat:3, Licht: 0,26297,3,6,2,12,14,6,0,0,0,1,0,0
"POINT (9.780906674000050 52.378709496000056)",Unfall 26301 (2018) Kat:3, Licht: 2,26301,3,5,2,12,00,6,0,2,0,1,0,0
"POINT (9.713597292000031 52.361596717000054)",Unfall 26401 (2018) Kat:3, Licht: 0,26401,3,2,5,12,14,5,0,0,0,1,0,0
"POINT (9.797545725000077 52.416363503000071)",Unfall 26471 (2018) Kat:3, Licht: 0,26471,3,3,5,12,15,4,0,0,0,1,0,1
"POINT (9.799044387000038 52.453130893000036)",Unfall 26474 (2018) Kat:2, Licht: 2,26474,2,6,2,12,21,4,1,2,0,1,0,0
"POINT (9.573074581000071 52.440144518000068)",Unfall 26526 (2018) Kat:3, Licht: 2,26526,3,4,6,12,17,3,0,2,0,1,1,0
"POINT (9.677901925000072 52.436345767000034)",Unfall 26539 (2018) Kat:3, Licht: 1,26539,3,2,2,12,15,2,1,1,0,1,0,1
"POINT (9.667345054000066 52.377034302000027)",Unfall 128952 (2018) Kat:3, Licht: 0,128952,3,2,5,01,11,4,1,0,1,1,0,0
"POINT (9.689414176000071 52.349405230000059)",Unfall 128957 (2018) Kat:3, Licht: 2,128957,3,2,5,01,18,7,0,2,0,1,0,0
"POINT (9.762014713000042 52.362244028000077)",Unfall 128959 (2018) Kat:3, Licht: 0,128959,3,3,5,01,13,7,0,0,1,0,0,0
"POINT (9.724148117000027 52.372415159000070)",Unfall 128989 (2018) Kat:3, Licht: 0,128989,3,3,5,01,14,6,0,0,1,1,0,0
"POINT (9.813800496000056 52.419893694000052)",Unfall 128991 (2018) Kat:2, Licht: 0,128991,2,3,5,01,12,6,0,0,1,0,0,0
"POINT (9.592313156000046 52.421337202000075)",Unfall 128992 (2018) Kat:3, Licht: 2,128992,3,3,5,01,22,6,0,2,1,1,0,0
"POINT (9.736525564000033 52.371283111000082)",Unfall 128994 (2018) Kat:2, Licht: 0,128994,2,1,0,01,11,6,1,0,1,0,0,0
"POINT (9.753728569000032 52.380295135000040)",Unfall 128995 (2018) Kat:3, Licht: 0,128995,3,3,5,01,14,3,0,0,1,1,0,0
"POINT (9.752659961000063 52.377350798000066)",Unfall 129000 (2018) Kat:3, Licht: 0,129000,3,6,2,01,14,5,0,0,0,1,0,0
"POINT (9.791667226000072 52.402792241000043)",Unfall 129002 (2018) Kat:2, Licht: 2,129002,2,4,6,01,05,4,1,2,0,1,1,0
"POINT (9.726462383000069 52.394751973000041)",Unfall 129028 (2018) Kat:3, Licht: 2,129028,3,3,5,01,18,5,1,2,0,1,0,0
"POINT (9.780944831000056 52.403913134000049)",Unfall 129029 (2018) Kat:2, Licht: 2,129029,2,4,6,01,18,5,1,2,0,1,1,0
"POINT (10.127271969000049 52.367116981000038)",Unfall 129030 (2018) Kat:3, Licht: 0,129030,3,3,5,01,10,5,1,0,0,1,0,0
"POINT (9.855733374000067 52.491951426000071)",Unfall 129034 (2018) Kat:3, Licht: 0,129034,3,7,6,01,11,5,0,0,0,1,1,0
"POINT (9.706348639000055 52.371082463000050)",Unfall 129035 (2018) Kat:3, Licht: 2,129035,3,2,3,01,18,3,1,2,1,1,0,0
"POINT (9.955788927000072 52.457681424000043)",Unfall 129036 (2018) Kat:2, Licht: 2,129036,2,1,4,01,07,5,1,2,0,1,0,0
"POINT (9.693846750000034 52.343146733000026)",Unfall 129037 (2018) Kat:3, Licht: 2,129037,3,2,6,01,21,5,1,2,0,1,1,0
"POINT (9.716950204000057 52.381912089000082)",Unfall 129039 (2018) Kat:3, Licht: 2,129039,3,4,6,01,17,5,1,2,0,1,1,0
"POINT (9.739466349000054 52.373676513000078)",Unfall 129040 (2018) Kat:3, Licht: 2,129040,3,5,1,01,16,5,0,2,1,1,0,0
"POINT (9.712765218000072 52.371618828000067)",Unfall 129042 (2018) Kat:3, Licht: 0,129042,3,1,0,01,13,5,1,0,1,0,0,0
"POINT (9.733774776000075 52.369303822000063)",Unfall 129049 (2018) Kat:3, Licht: 2,129049,3,1,0,01,22,3,1,2,1,0,0,0
"POINT (9.589572225000040 52.428337523000039)",Unfall 129053 (2018) Kat:3, Licht: 2,129053,3,2,3,01,07,5,0,2,1,1,0,0
"POINT (9.744350422000025 52.395248171000048)",Unfall 129061 (2018) Kat:3, Licht: 2,129061,3,2,6,01,17,4,0,2,0,1,1,0
"POINT (9.693643390000034 52.338076963000049)",Unfall 129069 (2018) Kat:3, Licht: 0,129069,3,3,5,01,11,2,0,0,0,1,0,0
"POINT (9.786280880000049 52.393337341000063)",Unfall 129072 (2018) Kat:3, Licht: 1,129072,3,7,0,01,07,2,2,1,1,0,0,0
"POINT (9.739237230000072 52.370586318000051)",Unfall 129081 (2018) Kat:3, Licht: 0,129081,3,3,5,01,13,2,0,0,1,1,0,0
"POINT (9.726156549000052 52.384035531000052)",Unfall 129082 (2018) Kat:3, Licht: 0,129082,3,4,6,01,08,4,1,0,0,1,1,0
"POINT (9.752183851000041 52.376070757000036)",Unfall 129084 (2018) Kat:3, Licht: 2,129084,3,7,0,01,17,4,1,2,1,0,0,0
"POINT (9.791401950000022 52.403053792000037)",Unfall 129085 (2018) Kat:2, Licht: 0,129085,2,4,6,01,14,4,1,0,0,1,1,0
"POINT (10.107305578000023 52.344875519000027)",Unfall 129093 (2018) Kat:3, Licht: 0,129093,3,3,5,01,15,2,0,0,1,1,0,0
"POINT (9.856574209000030 52.485554327000045)",Unfall 129103 (2018) Kat:3, Licht: 1,129103,3,2,6,01,07,2,0,1,0,1,1,0
"POINT (9.752600402000041 52.362823689000038)",Unfall 129106 (2018) Kat:3, Licht: 2,129106,3,5,1,01,17,3,0,2,1,1,0,0
"POINT (9.791821487000050 52.412811794000049)",Unfall 129108 (2018) Kat:3, Licht: 2,129108,3,3,5,01,18,2,0,2,0,1,0,0
"POINT (9.705946811000047 52.403290634000030)",Unfall 129110 (2018) Kat:3, Licht: 0,129110,3,3,5,01,15,3,0,0,0,1,0,0
"POINT (9.666298741000048 52.401635855000052)",Unfall 129111 (2018) Kat:3, Licht: 2,129111,3,6,3,01,16,3,0,2,0,1,0,0
"POINT (9.815937640000072 52.318211414000075)",Unfall 129113 (2018) Kat:3, Licht: 0,129113,3,6,2,01,12,3,0,0,0,1,0,0
"POINT (9.711472462000074 52.368762655000069)",Unfall 129114 (2018) Kat:3, Licht: 0,129114,3,7,0,01,09,5,0,0,0,1,0,0
"POINT (9.815289902000075 52.359639034000054)",Unfall 129116 (2018) Kat:3, Licht: 0,129116,3,3,5,01,12,3,0,0,0,1,0,0
"POINT (9.727898840000023 52.400232866000067)",Unfall 129117 (2018) Kat:3, Licht: 0,129117,3,3,0,01,09,4,1,0,1,1,0,0
"POINT (9.749276416000043 52.400046374000055)",Unfall 129119 (2018) Kat:3, Licht: 0,129119,3,3,5,01,13,3,1,0,1,1,0,0
"POINT (9.747960082000077 52.449094490000050)",Unfall 129121 (2018) Kat:3, Licht: 0,129121,3,1,0,01,14,3,1,0,1,0,0,0
"POINT (9.826424372000076 52.297591906000036)",Unfall 129123 (2018) Kat:3, Licht: 2,129123,3,3,5,01,19,3,0,2,0,1,0,0
"POINT (9.820008265000070 52.290281506000042)",Unfall 129128 (2018) Kat:2, Licht: 2,129128,2,4,6,01,19,5,0,2,0,0,1,0
"POINT (9.425719728000047 52.423754350000081)",Unfall 129140 (2018) Kat:3, Licht: 2,129140,3,7,0,01,18,2,1,2,1,0,0,0
"POINT (9.664806438000028 52.320771729000057)",Unfall 129143 (2018) Kat:3, Licht: 2,129143,3,7,6,01,00,2,1,2,1,0,1,0
"POINT (9.713212582000040 52.371468120000031)",Unfall 129144 (2018) Kat:3, Licht: 0,129144,3,1,0,01,10,2,1,0,1,0,0,0
"POINT (9.733733431000076 52.362111843000037)",Unfall 129155 (2018) Kat:3, Licht: 2,129155,3,3,5,01,18,3,1,2,1,1,0,0
"POINT (9.735427649000030 52.384486896000055)",Unfall 129168 (2018) Kat:3, Licht: 0,129168,3,3,5,01,09,3,0,0,1,1,0,0
"POINT (9.443118825000056 52.424013742000056)",Unfall 129173 (2018) Kat:3, Licht: 2,129173,3,1,0,01,08,5,2,2,1,0,0,0
"POINT (9.678997081000034 52.377479178000044)",Unfall 129176 (2018) Kat:3, Licht: 2,129176,3,1,0,01,00,4,2,2,0,0,0,1
"POINT (9.703777476000028 52.409384735000060)",Unfall 129181 (2018) Kat:2, Licht: 1,129181,2,7,0,01,16,4,0,1,1,0,1,0
"POINT (9.774177252000072 52.335668516000055)",Unfall 129206 (2018) Kat:3, Licht: 0,129206,3,3,5,01,11,3,0,0,0,1,0,0
"POINT (9.759256161000053 52.391667174000077)",Unfall 129219 (2018) Kat:3, Licht: 2,129219,3,2,2,01,19,3,1,2,0,1,0,0
"POINT (9.736105536000025 52.578576647000034)",Unfall 129222 (2018) Kat:3, Licht: 0,129222,3,1,0,01,10,5,1,0,1,0,0,0
"POINT (9.804140968000070 52.393810512000073)",Unfall 129228 (2018) Kat:3, Licht: 1,129228,3,5,1,01,18,4,1,1,0,1,0,0
"POINT (9.813638649000041 52.364953463000063)",Unfall 129229 (2018) Kat:3, Licht: 0,129229,3,2,2,01,11,2,1,0,0,1,0,0
"POINT (9.737089190000063 52.371558144000062)",Unfall 129231 (2018) Kat:3, Licht: 0,129231,3,6,2,01,16,3,1,0,0,1,0,0
"POINT (9.726301920000026 52.381617765000044)",Unfall 129232 (2018) Kat:3, Licht: 0,129232,3,5,1,01,11,7,0,0,1,1,0,0
"POINT (9.721903532000056 52.378811682000048)",Unfall 129238 (2018) Kat:3, Licht: 0,129238,3,6,2,01,09,4,1,0,0,1,0,0
"POINT (9.763014641000041 52.356782634000069)",Unfall 129241 (2018) Kat:3, Licht: 0,129241,3,6,2,01,11,3,1,0,0,1,0,0
"POINT (9.431013005000068 52.435208700000032)",Unfall 129253 (2018) Kat:3, Licht: 1,129253,3,7,0,01,08,6,2,1,1,0,0,0
"POINT (10.004113456000027 52.445871555000053)",Unfall 129258 (2018) Kat:3, Licht: 2,129258,3,7,0,01,18,1,1,2,1,0,0,0
"POINT (9.642978613000025 52.415036635000035)",Unfall 129264 (2018) Kat:3, Licht: 0,129264,3,6,3,01,14,6,1,0,0,1,0,0
"POINT (9.720816936000063 52.372069039000053)",Unfall 129276 (2018) Kat:3, Licht: 2,129276,3,3,5,01,20,4,1,2,1,0,0,0
"POINT (9.810055363000060 52.309962190000078)",Unfall 129278 (2018) Kat:3, Licht: 2,129278,3,2,6,01,18,2,1,2,0,1,1,0
"POINT (9.793029280000042 52.415359678000073)",Unfall 129279 (2018) Kat:2, Licht: 2,129279,2,2,5,01,19,3,1,2,1,1,0,0
"POINT (9.681871764000050 52.407504057000040)",Unfall 129285 (2018) Kat:3, Licht: 2,129285,3,7,1,01,06,3,1,2,1,1,0,0
"POINT (9.731940657000052 52.405494573000055)",Unfall 129288 (2018) Kat:3, Licht: 2,129288,3,2,4,01,17,2,0,2,1,1,0,0
"POINT (9.740829260000055 52.377805181000042)",Unfall 129295 (2018) Kat:3, Licht: 2,129295,3,6,0,01,17,2,0,2,1,1,0,0
"POINT (9.617093487000034 52.426804759000049)",Unfall 129296 (2018) Kat:3, Licht: 2,129296,3,2,2,01,18,2,0,2,0,1,0,0
"POINT (9.694175184000073 52.365347229000065)",Unfall 129297 (2018) Kat:3, Licht: 2,129297,3,4,6,01,18,2,1,2,0,1,1,0
"POINT (9.583396769000046 52.416078825000056)",Unfall 129302 (2018) Kat:3, Licht: 1,129302,3,1,0,01,08,6,2,1,1,0,0,0
"POINT (9.791308374000039 52.332088244000033)",Unfall 129303 (2018) Kat:3, Licht: 2,129303,3,4,6,01,17,2,1,2,0,1,1,0
"POINT (9.749623106000058 52.383851012000036)",Unfall 129307 (2018) Kat:3, Licht: 0,129307,3,3,5,01,10,2,0,0,1,1,0,0
"POINT (9.474934364000035 52.314473160000034)",Unfall 129315 (2018) Kat:2, Licht: 2,129315,2,1,4,01,06,6,2,2,0,1,0,0
"POINT (9.715970167000023 52.338559474000078)",Unfall 129330 (2018) Kat:2, Licht: 2,129330,2,1,0,01,22,4,1,2,1,0,0,0
"POINT (9.764406919000066 52.355120090000071)",Unfall 129332 (2018) Kat:3, Licht: 2,129332,3,1,0,01,19,2,1,2,1,0,0,0
"POINT (9.722829819000026 52.342371973000070)",Unfall 129333 (2018) Kat:2, Licht: 0,129333,2,7,0,01,09,1,0,0,1,0,0,0
"POINT (9.740128998000046 52.368026175000068)",Unfall 129334 (2018) Kat:3, Licht: 2,129334,3,2,6,01,17,3,1,2,0,1,1,0
"POINT (9.762243215000069 52.392750967000040)",Unfall 129335 (2018) Kat:3, Licht: 0,129335,3,3,5,01,15,7,1,0,1,1,0,0
"POINT (9.746293912000056 52.373221341000033)",Unfall 129343 (2018) Kat:3, Licht: 0,129343,3,7,0,01,12,4,1,0,0,1,0,0
"POINT (9.762244617000022 52.356662729000050)",Unfall 129344 (2018) Kat:3, Licht: 0,129344,3,4,6,01,13,2,1,0,0,1,1,0
"POINT (9.734999386000027 52.367161081000063)",Unfall 129345 (2018) Kat:2, Licht: 0,129345,2,3,5,01,14,3,1,0,1,1,0,0
"POINT (10.020102121000036 52.436508858000082)",Unfall 129356 (2018) Kat:3, Licht: 2,129356,3,6,2,01,20,6,1,2,0,1,0,0
"POINT (9.714552263000030 52.367812543000070)",Unfall 129359 (2018) Kat:3, Licht: 1,129359,3,4,6,01,08,6,1,1,0,1,1,0
"POINT (9.733035954000059 52.389327665000053)",Unfall 129365 (2018) Kat:3, Licht: 2,129365,3,5,1,01,19,1,0,2,0,1,0,0
"POINT (9.668175961000031 52.415380759000072)",Unfall 129368 (2018) Kat:3, Licht: 2,129368,3,4,6,01,07,6,2,2,0,1,1,0
"POINT (9.717666374000032 52.381486749000032)",Unfall 129384 (2018) Kat:3, Licht: 0,129384,3,6,2,01,15,4,1,0,0,1,0,0
"POINT (9.790326408000055 52.408202613000071)",Unfall 129386 (2018) Kat:3, Licht: 0,129386,3,6,2,01,15,2,1,0,0,1,0,0
"POINT (9.592561428000067 52.421063690000040)",Unfall 129389 (2018) Kat:3, Licht: 0,129389,3,6,2,01,16,3,1,0,0,1,0,0
"POINT (9.781091390000029 52.403912677000051)",Unfall 129395 (2018) Kat:3, Licht: 2,129395,3,3,5,01,07,5,1,2,1,1,0,0
"POINT (9.756391748000056 52.390657088000069)",Unfall 129396 (2018) Kat:3, Licht: 2,129396,3,2,2,01,21,7,0,2,0,1,0,0
"POINT (9.607410043000073 52.305400782000049)",Unfall 129398 (2018) Kat:3, Licht: 2,129398,3,2,5,01,07,5,1,2,1,1,0,0
"POINT (9.763316844000030 52.344483749000062)",Unfall 129404 (2018) Kat:2, Licht: 0,129404,2,1,0,01,16,7,0,0,1,0,0,0
"POINT (9.955467421000037 52.358092921000036)",Unfall 129405 (2018) Kat:3, Licht: 1,129405,3,2,5,01,08,5,1,1,1,1,0,0
"POINT (9.804591273000028 52.330544097000029)",Unfall 129406 (2018) Kat:3, Licht: 0,129406,3,2,5,01,08,7,1,0,0,1,0,0
"POINT (9.689352279000048 52.348696437000058)",Unfall 129408 (2018) Kat:3, Licht: 0,129408,3,3,5,01,11,5,1,0,0,1,0,0
"POINT (9.464968943000031 52.305879977000075)",Unfall 129416 (2018) Kat:3, Licht: 1,129416,3,6,2,01,07,6,2,1,0,1,0,0
"POINT (9.738716125000053 52.394441650000033)",Unfall 129422 (2018) Kat:3, Licht: 2,129422,3,4,6,01,21,1,0,2,0,1,1,0
"POINT (9.711409416000038 52.358531426000070)",Unfall 129428 (2018) Kat:3, Licht: 0,129428,3,2,5,01,09,6,1,0,1,0,0,0
"POINT (9.758071965000056 52.396032663000028)",Unfall 129441 (2018) Kat:3, Licht: 0,129441,3,2,5,01,15,4,1,0,1,1,0,0
"POINT (9.711852336000050 52.370808214000078)",Unfall 129443 (2018) Kat:2, Licht: 2,129443,2,2,6,01,18,2,1,2,0,1,1,0
"POINT (9.677755467000054 52.395897367000032)",Unfall 129448 (2018) Kat:3, Licht: 2,129448,3,3,5,01,05,3,1,2,1,1,0,0
"POINT (9.725040179000075 52.355569411000033)",Unfall 129449 (2018) Kat:3, Licht: 0,129449,3,5,2,01,13,7,1,0,0,1,0,1
"POINT (9.697249147000036 52.365995062000081)",Unfall 129456 (2018) Kat:3, Licht: 0,129456,3,6,2,01,13,6,1,0,0,1,0,0
"POINT (9.722880148000058 52.387150430000077)",Unfall 129457 (2018) Kat:3, Licht: 0,129457,3,3,5,01,15,3,0,0,1,1,0,0
"POINT (10.176231928000050 52.409535573000028)",Unfall 129466 (2018) Kat:3, Licht: 2,129466,3,3,5,01,06,6,1,2,1,1,0,0
"POINT (9.663832585000023 52.416162326000062)",Unfall 129471 (2018) Kat:3, Licht: 0,129471,3,7,1,01,15,6,1,0,0,1,0,1
"POINT (9.810493101000077 52.382738020000033)",Unfall 129472 (2018) Kat:3, Licht: 0,129472,3,6,2,01,14,6,0,0,0,1,0,0
"POINT (9.751848596000059 52.385938763000070)",Unfall 129475 (2018) Kat:3, Licht: 2,129475,3,2,5,01,19,6,1,2,0,1,0,0
"POINT (9.737460721000048 52.381676817000027)",Unfall 129476 (2018) Kat:3, Licht: 0,129476,3,3,5,01,10,6,0,0,1,1,0,0
"POINT (9.592561131000025 52.393708716000049)",Unfall 129477 (2018) Kat:3, Licht: 0,129477,3,2,2,01,08,6,2,0,0,1,0,0
"POINT (9.670301494000057 52.339444629000070)",Unfall 129478 (2018) Kat:3, Licht: 2,129478,3,3,5,01,06,6,0,2,1,1,0,0
"POINT (9.754529246000061 52.376140467000027)",Unfall 129489 (2018) Kat:3, Licht: 0,129489,3,5,0,01,13,5,0,0,1,1,0,0
"POINT (9.746677298000066 52.369988722000073)",Unfall 129490 (2018) Kat:2, Licht: 2,129490,2,2,6,01,18,4,1,2,0,1,1,0
"POINT (9.719654867000031 52.367346440000063)",Unfall 129491 (2018) Kat:3, Licht: 2,129491,3,6,2,01,21,5,1,2,0,1,0,0