WKT,Name,OBJECTID,UKATEGORIE,UTYP1,UART,UMONAT,USTUNDE,UWOCHENTAG,STRZUSTAND,ULICHTVERH,ISTRAD,ISTPKW,ISTFUSS,ISTKRAD
"POINT (9.599223946000052 52.426415706000057)",Unfall 129492 (2018) Kat:3, Licht: 0,129492,3,2,2,01,13,7,0,0,0,1,0,0
"POINT (9.731845789000033 52.377656828000056)",Unfall 129495 (2018) Kat:3, Licht: 0,129495,3,3,5,01,09,6,0,0,1,1,0,0
"POINT (9.781660082000030 52.398517110000057)",Unfall 129496 (2018) Kat:3, Licht: 2,129496,3,6,2,02,07,5,2,2,0,1,0,0
"POINT (9.815327566000065 52.425603469000066)",Unfall 129497 (2018) Kat:3, Licht: 2,129497,3,1,9,01,06,3,0,2,0,1,0,0
"POINT (9.735763762000033 52.325630184000033)",Unfall 129499 (2018) Kat:2, Licht: 0,129499,2,1,8,01,14,5,1,0,1,1,0,0
"POINT (9.828639626000040 52.295381209000027)",Unfall 129501 (2018) Kat:2, Licht: 0,129501,2,5,0,01,12,5,0,0,0,1,0,0
"POINT (9.787021005000042 52.401634388000048)",Unfall 129502 (2018) Kat:3, Licht: 0,129502,3,3,5,01,09,5,1,0,0,1,0,0
"POINT (9.740317533000052 52.361526795000032)",Unfall 129506 (2018) Kat:3, Licht: 0,129506,3,6,2,01,08,5,1,0,0,1,0,0
"POINT (9.768789991000062 52.377984462000029)",Unfall 129508 (2018) Kat:3, Licht: 0,129508,3,6,0,01,14,2,0,0,0,1,0,0
"POINT (9.744252306000021 52.373437873000057)",Unfall 129532 (2018) Kat:3, Licht: 0,129532,3,1,0,01,11,6,1,0,1,0,0,0
"POINT (9.753190593000056 52.382754338000041)",Unfall 129541 (2018) Kat:3, Licht: 2,129541,3,3,5,01,17,3,0,2,1,1,0,0
"POINT (9.714447240000027 52.342650118000051)",Unfall 129542 (2018) Kat:3, Licht: 0,129542,3,5,1,01,15,4,1,0,1,1,0,0
"POINT (9.694943900000055 52.374534510000046)",Unfall 129546 (2018) Kat:2, Licht: 2,129546,2,7,0,02,22,5,0,2,1,0,0,0
"POINT (9.738237007000066 52.369565640000076)",Unfall 129556 (2018) Kat:3, Licht: 2,129556,3,5,3,01,18,7,0,2,1,1,0,0
"POINT (9.732611239000050 52.388693872000033)",Unfall 129561 (2018) Kat:3, Licht: 2,129561,3,2,6,01,20,2,1,2,0,1,1,0
"POINT (9.566209616000037 52.272627065000052)",Unfall 129567 (2018) Kat:3, Licht: 0,129567,3,7,6,01,11,3,0,0,0,1,1,0
"POINT (9.692808643000035 52.396665651000035)",Unfall 129571 (2018) Kat:3, Licht: 0,129571,3,2,6,01,07,3,0,0,0,1,1,0
"POINT (9.701232730000072 52.375330188000078)",Unfall 129574 (2018) Kat:1, Licht: 2,129574,1,4,6,01,06,2,1,2,0,0,1,0
"POINT (9.691792487000043 52.375286727000059)",Unfall 129579 (2018) Kat:3, Licht: 2,129579,3,5,1,01,20,4,0,2,0,1,0,0
"POINT (9.756544523000059 52.364911347000032)",Unfall 129582 (2018) Kat:3, Licht: 2,129582,3,1,8,01,21,4,0,2,1,1,0,0
"POINT (10.196673441000030 52.468675040000051)",Unfall 129583 (2018) Kat:3, Licht: 2,129583,3,5,1,01,01,1,0,2,0,1,0,0
"POINT (9.780104885000071 52.343049555000050)",Unfall 129585 (2018) Kat:3, Licht: 2,129585,3,3,5,01,17,6,0,2,1,1,0,0
"POINT (9.732715837000058 52.379250361000061)",Unfall 129586 (2018) Kat:3, Licht: 2,129586,3,2,3,02,18,5,0,2,1,1,0,0
"POINT (9.749727361000055 52.388719812000033)",Unfall 129591 (2018) Kat:3, Licht: 0,129591,3,7,6,01,12,4,0,0,0,1,1,0
"POINT (9.735845198000050 52.385305438000046)",Unfall 129592 (2018) Kat:3, Licht: 0,129592,3,7,5,01,10,4,1,0,1,1,0,0
"POINT (9.748743336000075 52.374556304000066)",Unfall 129593 (2018) Kat:3, Licht: 0,129593,3,2,5,01,08,4,0,0,1,1,0,0
"POINT (9.750114452000048 52.375116752000054)",Unfall 129599 (2018) Kat:3, Licht: 0,129599,3,6,2,01,16,4,0,0,0,1,0,0
"POINT (9.454901429000074 52.448243585000057)",Unfall 129602 (2018) Kat:3, Licht: 0,129602,3,3,5,01,15,4,0,0,1,1,0,0
"POINT (9.771489259000077 52.338762933000055)",Unfall 129604 (2018) Kat:2, Licht: 2,129604,2,4,6,01,18,4,0,2,0,1,1,0
"POINT (9.693480501000067 52.367598739000073)",Unfall 129605 (2018) Kat:3, Licht: 0,129605,3,6,2,01,13,4,0,0,0,1,0,0
"POINT (9.699062839000021 52.439145356000040)",Unfall 129612 (2018) Kat:2, Licht: 2,129612,2,4,6,01,17,2,1,2,1,0,1,0
"POINT (9.779210719000048 52.414191823000067)",Unfall 129639 (2018) Kat:3, Licht: 2,129639,3,4,6,01,19,6,0,2,0,1,1,0
"POINT (9.743878124000048 52.411301669000068)",Unfall 129643 (2018) Kat:3, Licht: 0,129643,3,3,5,01,07,3,0,0,1,1,0,0
"POINT (9.749252515000023 52.434175354000047)",Unfall 129646 (2018) Kat:3, Licht: 0,129646,3,3,5,01,14,7,0,0,1,1,0,0
"POINT (9.730181423000033 52.328581277000069)",Unfall 129652 (2018) Kat:3, Licht: 0,129652,3,2,6,02,10,5,0,0,0,1,1,0
"POINT (9.738883574000056 52.420914180000068)",Unfall 129658 (2018) Kat:3, Licht: 0,129658,3,3,5,01,16,3,0,0,1,1,0,0
"POINT (9.687037230000044 52.360206962000063)",Unfall 129680 (2018) Kat:3, Licht: 0,129680,3,3,0,01,14,3,0,0,1,1,0,0
"POINT (9.740072172000055 52.383082352000031)",Unfall 129683 (2018) Kat:3, Licht: 2,129683,3,2,6,01,19,3,1,2,0,1,1,0
"POINT (9.742541895000045 52.397125525000035)",Unfall 129684 (2018) Kat:3, Licht: 0,129684,3,7,4,01,13,2,0,0,0,1,0,0
"POINT (9.737337439000044 52.376903465000055)",Unfall 129685 (2018) Kat:3, Licht: 0,129685,3,7,0,01,12,3,0,0,0,0,0,0
"POINT (9.692906949000076 52.341894973000080)",Unfall 129689 (2018) Kat:3, Licht: 2,129689,3,3,5,01,19,3,1,2,0,1,0,0
"POINT (9.811728607000021 52.401686176000055)",Unfall 129692 (2018) Kat:3, Licht: 0,129692,3,7,4,01,10,3,1,0,0,1,0,0
"POINT (9.750415415000077 52.394971445000067)",Unfall 129693 (2018) Kat:3, Licht: 2,129693,3,5,1,01,06,1,1,2,0,1,0,0
"POINT (9.742092325000044 52.378484749000052)",Unfall 129695 (2018) Kat:3, Licht: 2,129695,3,2,6,01,22,6,0,2,0,1,1,0
"POINT (9.674393683000062 52.408306359000051)",Unfall 129696 (2018) Kat:3, Licht: 1,129696,3,1,0,02,07,5,2,1,1,0,0,0
"POINT (9.732672726000033 52.379428700000062)",Unfall 129698 (2018) Kat:3, Licht: 2,129698,3,2,5,01,07,3,0,2,1,1,0,0
"POINT (9.818544631000066 52.301778223000042)",Unfall 129703 (2018) Kat:3, Licht: 2,129703,3,2,2,01,17,4,1,2,0,1,0,0
"POINT (9.745484748000024 52.368601777000038)",Unfall 129707 (2018) Kat:3, Licht: 0,129707,3,3,6,02,11,5,0,0,0,1,1,0
"POINT (9.729114350000032 52.378089207000073)",Unfall 129717 (2018) Kat:3, Licht: 2,129717,3,2,5,01,02,7,0,2,1,1,0,0
"POINT (9.972732374000032 52.323122086000069)",Unfall 129722 (2018) Kat:3, Licht: 0,129722,3,7,8,01,16,2,0,0,0,1,0,0
"POINT (9.825046228000076 52.380224779000059)",Unfall 129727 (2018) Kat:3, Licht: 2,129727,3,3,5,01,19,3,0,2,0,1,0,0
"POINT (9.745982921000064 52.373049348000052)",Unfall 129742 (2018) Kat:3, Licht: 2,129742,3,6,4,02,22,7,0,2,0,1,0,0
"POINT (9.721542076000048 52.380245929000068)",Unfall 129743 (2018) Kat:3, Licht: 0,129743,3,7,0,02,08,3,2,0,1,0,0,0
"POINT (9.847313527000040 52.359940711000036)",Unfall 129744 (2018) Kat:3, Licht: 0,129744,3,1,0,02,08,7,0,0,1,0,0,0
"POINT (9.724217176000025 52.397703821000050)",Unfall 129754 (2018) Kat:3, Licht: 0,129754,3,4,6,02,09,2,0,0,0,1,1,0
"POINT (9.670885423000073 52.377150979000078)",Unfall 129765 (2018) Kat:3, Licht: 2,129765,3,2,2,02,19,6,1,2,0,1,0,0
"POINT (9.825649780000049 52.295995709000067)",Unfall 129767 (2018) Kat:3, Licht: 0,129767,3,3,5,02,15,6,0,0,0,1,0,0
"POINT (9.794249330000071 52.393554925000046)",Unfall 129768 (2018) Kat:3, Licht: 0,129768,3,3,5,02,14,6,0,0,1,1,0,0
"POINT (9.734200370000053 52.545954205000044)",Unfall 129770 (2018) Kat:3, Licht: 2,129770,3,7,0,02,22,6,1,2,1,0,0,0
"POINT (9.655088601000045 52.348353207000059)",Unfall 129771 (2018) Kat:2, Licht: 0,129771,2,3,5,02,13,6,0,0,0,1,0,0
"POINT (9.832175220000067 52.351690712000050)",Unfall 129786 (2018) Kat:3, Licht: 0,129786,3,7,0,02,17,4,2,0,1,0,0,0
"POINT (9.755531635000068 52.522829111000078)",Unfall 129789 (2018) Kat:3, Licht: 0,129789,3,5,1,02,07,3,1,0,0,1,0,0
"POINT (9.740144215000044 52.368247237000048)",Unfall 129791 (2018) Kat:3, Licht: 0,129791,3,3,5,02,10,2,1,0,0,1,0,0
"POINT (9.759350727000026 52.343699991000051)",Unfall 129805 (2018) Kat:3, Licht: 0,129805,3,4,6,02,07,3,2,0,0,1,1,0
"POINT (9.721111110000038 52.361659901000053)",Unfall 129808 (2018) Kat:3, Licht: 2,129808,3,2,4,02,22,5,0,2,1,1,0,0
"POINT (9.429585434000046 52.420800621000069)",Unfall 129810 (2018) Kat:3, Licht: 2,129810,3,3,5,02,17,5,0,2,1,1,0,0
"POINT (9.853503531000058 52.558944055000040)",Unfall 129812 (2018) Kat:3, Licht: 0,129812,3,6,2,02,07,5,0,0,0,1,0,0
"POINT (9.731001137000021 52.394865439000057)",Unfall 129832 (2018) Kat:3, Licht: 0,129832,3,2,6,02,10,3,1,0,0,0,1,0
"POINT (9.620562953000047 52.253999113000077)",Unfall 129841 (2018) Kat:3, Licht: 2,129841,3,5,1,02,06,4,1,2,0,1,0,0
"POINT (9.737130161000039 52.443249778000052)",Unfall 129844 (2018) Kat:3, Licht: 0,129844,3,2,5,02,13,3,0,0,1,1,0,0
"POINT (9.725640136000038 52.387873372000058)",Unfall 129846 (2018) Kat:3, Licht: 0,129846,3,4,6,02,14,2,0,0,1,0,1,0
"POINT (9.780938260000028 52.410212087000048)",Unfall 129849 (2018) Kat:3, Licht: 0,129849,3,6,2,02,15,4,0,0,0,1,0,0
"POINT (9.705823386000077 52.372238510000045)",Unfall 129851 (2018) Kat:3, Licht: 2,129851,3,2,0,02,18,4,0,2,1,1,0,0
"POINT (9.670649882000021 52.358396051000057)",Unfall 129854 (2018) Kat:2, Licht: 2,129854,2,2,5,02,22,4,0,2,0,1,0,1
"POINT (9.732937051000022 52.375647513000047)",Unfall 129856 (2018) Kat:3, Licht: 2,129856,3,6,2,02,20,4,0,2,1,1,0,0
"POINT (9.718332701000065 52.388237548000063)",Unfall 129872 (2018) Kat:3, Licht: 2,129872,3,3,5,02,21,1,1,2,1,0,0,0
"POINT (9.656715070000075 52.407578427000033)",Unfall 129887 (2018) Kat:3, Licht: 0,129887,3,7,6,02,12,3,0,0,0,1,1,0
"POINT (9.732667833000051 52.362114782000049)",Unfall 129889 (2018) Kat:3, Licht: 0,129889,3,2,2,02,07,3,2,0,0,1,0,0
"POINT (9.743217302000062 52.297177282000064)",Unfall 129891 (2018) Kat:3, Licht: 0,129891,3,6,2,02,07,3,1,0,0,1,0,0
"POINT (9.754728044000046 52.434667233000027)",Unfall 129892 (2018) Kat:2, Licht: 1,129892,2,2,5,02,07,3,1,1,1,1,0,0
"POINT (9.755499201000021 52.355611325000041)",Unfall 129895 (2018) Kat:2, Licht: 1,129895,2,4,6,02,07,3,0,1,0,1,1,0
"POINT (9.806330625000044 52.417216779000057)",Unfall 129896 (2018) Kat:3, Licht: 0,129896,3,2,5,02,10,4,0,0,0,1,0,0
"POINT (9.806650327000057 52.417943189000027)",Unfall 129901 (2018) Kat:3, Licht: 1,129901,3,6,2,02,16,3,1,1,0,1,0,0
"POINT (9.672996700000056 52.408669518000067)",Unfall 129903 (2018) Kat:2, Licht: 1,129903,2,6,0,02,17,2,0,1,1,1,0,0
"POINT (9.758638460000043 52.359398277000082)",Unfall 129916 (2018) Kat:2, Licht: 0,129916,2,1,0,02,14,3,2,0,1,0,0,0
"POINT (9.742226686000038 52.397457404000079)",Unfall 129918 (2018) Kat:2, Licht: 2,129918,2,5,0,02,18,2,0,2,0,1,0,0
"POINT (9.815940180000041 52.319469770000069)",Unfall 129933 (2018) Kat:3, Licht: 0,129933,3,6,3,02,08,2,0,0,0,1,0,0
"POINT (9.727544373000058 52.376886379000041)",Unfall 129934 (2018) Kat:3, Licht: 0,129934,3,5,1,02,13,2,0,0,1,1,0,0
"POINT (9.813952999000037 52.307105426000078)",Unfall 129946 (2018) Kat:3, Licht: 0,129946,3,7,0,02,15,3,0,0,0,1,0,0
"POINT (10.107888534000040 52.344102587000066)",Unfall 129956 (2018) Kat:2, Licht: 2,129956,2,1,9,02,00,1,1,2,0,1,0,0
"POINT (9.736217174000046 52.420951774000059)",Unfall 129957 (2018) Kat:3, Licht: 1,129957,3,3,5,02,17,4,0,1,0,1,0,0
"POINT (9.995311399000059 52.374323629000060)",Unfall 129960 (2018) Kat:3, Licht: 0,129960,3,6,3,02,17,3,0,0,1,1,0,0
"POINT (9.609261484000058 52.406142703000057)",Unfall 129962 (2018) Kat:3, Licht: 0,129962,3,1,9,02,16,2,2,0,0,0,0,0
"POINT (9.719691132000037 52.367614463000052)",Unfall 129963 (2018) Kat:3, Licht: 2,129963,3,6,2,02,20,7,0,2,0,1,0,0
"POINT (9.604226080000046 52.315179667000052)",Unfall 129965 (2018) Kat:3, Licht: 1,129965,3,7,0,02,21,7,1,1,1,0,0,0
"POINT (9.717847710000058 52.364517317000036)",Unfall 129973 (2018) Kat:3, Licht: 1,129973,3,4,6,02,07,3,1,1,0,1,1,0
"POINT (9.761130293000065 52.363483959000064)",Unfall 129974 (2018) Kat:3, Licht: 2,129974,3,2,6,02,18,7,1,2,0,1,1,0
"POINT (9.739487573000076 52.380970445000059)",Unfall 129976 (2018) Kat:3, Licht: 2,129976,3,6,2,02,19,7,1,2,0,1,0,0
"POINT (9.594887239000059 52.420945059000076)",Unfall 129977 (2018) Kat:3, Licht: 2,129977,3,3,5,02,23,7,1,2,1,1,0,0
"POINT (9.734059474000048 52.368871166000076)",Unfall 129991 (2018) Kat:3, Licht: 0,129991,3,3,5,02,15,6,0,0,1,1,0,0
"POINT (9.733762928000033 52.394799807000027)",Unfall 129992 (2018) Kat:3, Licht: 0,129992,3,6,0,02,13,6,0,0,1,1,0,0
"POINT (9.792520579000041 52.396766255000045)",Unfall 129994 (2018) Kat:3, Licht: 2,129994,3,2,3,02,21,6,1,2,1,1,0,0
"POINT (9.763068075000035 52.369462786000042)",Unfall 129995 (2018) Kat:3, Licht: 2,129995,3,5,1,02,19,6,0,2,0,1,0,0
"POINT (9.711274777000028 52.442910993000055)",Unfall 130008 (2018) Kat:3, Licht: 0,130008,3,2,5,02,16,4,0,0,1,1,0,0
"POINT (9.755092825000077 52.436264644000062)",Unfall 130010 (2018) Kat:3, Licht: 0,130010,3,2,2,02,10,7,2,0,0,1,0,0
"POINT (9.690715119000060 52.398187357000040)",Unfall 130011 (2018) Kat:3, Licht: 0,130011,3,1,0,02,14,3,2,0,1,0,0,0
"POINT (9.980537619000074 52.376123360000065)",Unfall 130012 (2018) Kat:3, Licht: 0,130012,3,7,6,02,11,2,0,0,1,0,1,0
"POINT (9.733751575000042 52.398926557000038)",Unfall 130024 (2018) Kat:3, Licht: 2,130024,3,4,6,02,06,3,0,2,0,1,1,0
"POINT (9.732251996000059 52.376496863000057)",Unfall 130025 (2018) Kat:3, Licht: 0,130025,3,6,3,02,11,7,0,0,0,1,0,0
"POINT (9.716971619000049 52.337311181000075)",Unfall 130031 (2018) Kat:3, Licht: 0,130031,3,3,5,02,08,2,0,0,0,1,0,0
"POINT (9.714410432000022 52.366334983000058)",Unfall 130033 (2018) Kat:3, Licht: 2,130033,3,7,2,02,18,2,0,2,1,0,0,0
"POINT (9.789229940000041 52.412714289000064)",Unfall 130037 (2018) Kat:3, Licht: 0,130037,3,5,5,02,12,2,0,0,1,1,0,0
"POINT (9.966449192000027 52.316489345000036)",Unfall 130039 (2018) Kat:3, Licht: 0,130039,3,4,6,02,15,2,0,0,0,0,1,0
"POINT (9.741014061000044 52.439740395000058)",Unfall 130041 (2018) Kat:3, Licht: 2,130041,3,7,0,02,21,2,2,2,0,0,0,1
"POINT (9.748587102000045 52.523650381000039)",Unfall 130042 (2018) Kat:3, Licht: 0,130042,3,4,6,02,09,4,0,0,0,1,1,0
"POINT (9.754873484000029 52.360454968000056)",Unfall 130044 (2018) Kat:3, Licht: 0,130044,3,4,6,02,16,2,0,0,0,1,1,0
"POINT (9.762760639000021 52.410182733000056)",Unfall 130045 (2018) Kat:3, Licht: 0,130045,3,4,6,02,15,2,0,0,0,1,1,0
"POINT (9.753277198000035 52.390204335000078)",Unfall 130048 (2018) Kat:3, Licht: 0,130048,3,6,2,02,16,2,0,0,0,1,0,0
"POINT (9.805924970000035 52.413294122000082)",Unfall 130051 (2018) Kat:3, Licht: 2,130051,3,3,5,02,05,2,0,2,1,1,0,0
"POINT (9.719022162000044 52.400522312000078)",Unfall 130056 (2018) Kat:3, Licht: 0,130056,3,6,4,02,17,2,1,0,1,1,0,0
"POINT (9.735504132000074 52.399332075000075)",Unfall 130065 (2018) Kat:3, Licht: 0,130065,3,6,2,02,16,1,0,0,0,1,0,0
"POINT (10.169069101000048 52.465500410000061)",Unfall 130074 (2018) Kat:3, Licht: 1,130074,3,3,5,02,17,7,0,1,0,1,0,0
"POINT (9.674040467000054 52.413818410000033)",Unfall 130082 (2018) Kat:3, Licht: 0,130082,3,2,5,02,07,4,0,0,1,1,0,0
"POINT (9.773831736000034 52.400391732000060)",Unfall 130085 (2018) Kat:3, Licht: 0,130085,3,3,5,02,07,3,0,0,1,1,0,0
"POINT (9.773885466000024 52.400374193000061)",Unfall 130088 (2018) Kat:3, Licht: 2,130088,3,3,5,02,18,1,0,2,0,1,0,0
"POINT (9.739845397000067 52.383072536000043)",Unfall 130090 (2018) Kat:3, Licht: 0,130090,3,3,5,02,16,4,0,0,1,0,0,0
"POINT (9.978357614000061 52.372731536000060)",Unfall 130095 (2018) Kat:2, Licht: 2,130095,2,7,0,02,21,2,2,2,1,0,0,0
"POINT (9.750908247000041 52.376798076000057)",Unfall 130099 (2018) Kat:3, Licht: 0,130099,3,3,5,02,09,5,1,0,1,1,0,0
"POINT (9.598201256000039 52.420559253000079)",Unfall 130105 (2018) Kat:3, Licht: 0,130105,3,6,2,02,12,7,0,0,0,1,0,0
"POINT (9.553892905000055 52.207970017000036)",Unfall 130108 (2018) Kat:2, Licht: 2,130108,2,1,9,02,00,7,0,2,0,1,0,0
"POINT (9.734343153000054 52.376799666000068)",Unfall 130110 (2018) Kat:3, Licht: 0,130110,3,4,6,02,12,7,0,0,0,1,1,0
"POINT (9.724137549000034 52.372419717000071)",Unfall 130126 (2018) Kat:3, Licht: 0,130126,3,3,5,02,17,6,0,0,1,1,0,0
"POINT (9.851728660000049 52.408493554000074)",Unfall 130128 (2018) Kat:3, Licht: 2,130128,3,1,8,02,18,6,0,2,0,1,0,0
"POINT (9.772111125000038 52.397782514000028)",Unfall 130136 (2018) Kat:3, Licht: 2,130136,3,4,6,02,22,6,0,2,0,1,1,0
"POINT (9.610632400000043 52.411021103000053)",Unfall 130145 (2018) Kat:3, Licht: 0,130145,3,4,6,02,07,4,0,0,0,1,1,0
"POINT (9.675324588000024 52.397117838000042)",Unfall 130146 (2018) Kat:2, Licht: 2,130146,2,4,6,02,20,6,0,2,0,0,1,0
"POINT (9.803150524000046 52.396391366000046)",Unfall 130148 (2018) Kat:3, Licht: 0,130148,3,3,5,02,09,2,1,0,1,1,0,0
"POINT (9.801409826000054 52.305538039000055)",Unfall 130154 (2018) Kat:2, Licht: 1,130154,2,6,2,02,18,6,0,1,0,1,0,0
"POINT (9.728363981000030 52.440850349000073)",Unfall 130160 (2018) Kat:3, Licht: 0,130160,3,7,0,02,13,2,0,0,1,0,1,0
"POINT (9.623718197000073 52.412186832000032)",Unfall 130161 (2018) Kat:3, Licht: 0,130161,3,3,5,02,08,6,1,0,1,1,0,0
"POINT (9.746885709000026 52.339046952000047)",Unfall 130164 (2018) Kat:3, Licht: 0,130164,3,7,7,02,10,6,1,0,0,1,0,0
"POINT (9.715902397000036 52.362217460000068)",Unfall 130168 (2018) Kat:3, Licht: 0,130168,3,4,6,02,16,6,0,0,0,1,1,0
"POINT (9.730321130000050 52.304450754000072)",Unfall 130171 (2018) Kat:3, Licht: 0,130171,3,7,0,02,09,6,2,0,1,0,0,0
"POINT (9.462586575000046 52.494678094000051)",Unfall 130173 (2018) Kat:3, Licht: 2,130173,3,3,5,02,06,6,2,2,1,1,0,0
"POINT (9.710676456000044 52.448220567000078)",Unfall 130177 (2018) Kat:3, Licht: 0,130177,3,3,5,02,14,6,0,0,1,0,0,0
"POINT (9.662183159000051 52.448618656000065)",Unfall 130179 (2018) Kat:3, Licht: 0,130179,3,3,5,02,13,7,0,0,1,1,0,0
"POINT (9.764322113000048 52.333970703000034)",Unfall 130180 (2018) Kat:3, Licht: 0,130180,3,3,5,02,10,6,0,0,1,1,0,0
"POINT (9.762132985000051 52.370686427000066)",Unfall 130193 (2018) Kat:2, Licht: 0,130193,2,4,6,02,07,3,0,0,0,1,1,0
"POINT (9.732548994000069 52.374446839000029)",Unfall 130199 (2018) Kat:2, Licht: 1,130199,2,4,6,02,17,4,0,1,0,1,1,0
"POINT (9.792949318000069 52.395373753000058)",Unfall 130202 (2018) Kat:3, Licht: 0,130202,3,6,3,02,16,2,0,0,0,1,0,0
"POINT (9.727724284000033 52.368351337000036)",Unfall 130221 (2018) Kat:3, Licht: 0,130221,3,3,5,02,14,5,0,0,1,1,0,0
"POINT (9.801099376000025 52.402871233000042)",Unfall 130223 (2018) Kat:3, Licht: 0,130223,3,3,5,02,12,5,0,0,1,0,0,0
"POINT (9.594969556000024 52.434611045000054)",Unfall 130239 (2018) Kat:3, Licht: 0,130239,3,4,6,02,09,4,0,0,0,1,1,0
"POINT (9.714459315000056 52.371448472000054)",Unfall 130245 (2018) Kat:3, Licht: 1,130245,3,2,5,02,17,5,2,1,0,1,0,0
"POINT (9.982297438000046 52.381468072000075)",Unfall 130246 (2018) Kat:2, Licht: 0,130246,2,3,5,02,13,1,0,0,0,1,0,0
"POINT (9.810942490000059 52.382718880000027)",Unfall 130247 (2018) Kat:3, Licht: 0,130247,3,2,3,02,16,5,1,0,0,1,0,1
"POINT (9.694661187000065 52.367821324000033)",Unfall 130248 (2018) Kat:3, Licht: 0,130248,3,7,3,02,15,4,0,0,0,1,0,0
"POINT (9.806537011000046 52.371872828000051)",Unfall 130251 (2018) Kat:3, Licht: 0,130251,3,3,5,02,14,5,1,0,1,1,0,0
"POINT (9.799220917000071 52.384600032000037)",Unfall 130253 (2018) Kat:3, Licht: 0,130253,3,7,0,02,13,2,0,0,1,0,0,0
"POINT (9.791265739000039 52.404154943000037)",Unfall 130254 (2018) Kat:3, Licht: 0,130254,3,3,5,02,16,5,1,0,1,1,0,0
"POINT (9.970777184000042 52.382730485000081)",Unfall 130255 (2018) Kat:3, Licht: 0,130255,3,5,1,02,12,5,0,0,0,1,0,0
"POINT (9.599096299000053 52.315154562000032)",Unfall 130257 (2018) Kat:3, Licht: 2,130257,3,2,6,02,19,5,1,2,0,1,1,0
"POINT (9.719763552000075 52.374899159000051)",Unfall 130259 (2018) Kat:3, Licht: 2,130259,3,6,2,02,18,5,1,2,0,1,0,0
"POINT (9.683981007000057 52.377983414000028)",Unfall 130270 (2018) Kat:3, Licht: 0,130270,3,1,0,03,11,7,1,0,1,0,0,0
"POINT (9.708880221000072 52.370484137000062)",Unfall 130281 (2018) Kat:2, Licht: 0,130281,2,2,5,02,09,3,1,0,1,1,0,0
"POINT (9.733989241000074 52.469671707000032)",Unfall 130288 (2018) Kat:3, Licht: 0,130288,3,3,5,03,11,1,0,0,1,1,0,0
"POINT (9.746451038000032 52.383557288000077)",Unfall 130293 (2018) Kat:3, Licht: 0,130293,3,6,3,03,14,3,0,0,1,1,0,0
"POINT (9.427734129000044 52.433156542000063)",Unfall 130294 (2018) Kat:3, Licht: 0,130294,3,3,5,03,16,3,0,0,0,1,0,0
"POINT (9.545124311000052 52.209305225000037)",Unfall 130296 (2018) Kat:3, Licht: 0,130296,3,3,5,03,13,3,0,0,0,1,0,1
"POINT (9.737336165000045 52.387883748000036)",Unfall 130302 (2018) Kat:3, Licht: 0,130302,3,4,6,03,07,2,1,0,0,1,1,0
"POINT (9.763930085000027 52.395648082000037)",Unfall 130305 (2018) Kat:3, Licht: 0,130305,3,6,2,03,12,2,1,0,0,1,0,0
"POINT (9.855778286000032 52.393962353000063)",Unfall 130309 (2018) Kat:3, Licht: 1,130309,3,6,0,02,06,3,2,1,0,1,1,0
"POINT (9.734422564000056 52.438690662000056)",Unfall 130321 (2018) Kat:3, Licht: 0,130321,3,6,2,03,11,7,0,0,0,1,0,0
"POINT (9.739176312000041 52.379617166000060)",Unfall 130324 (2018) Kat:3, Licht: 0,130324,3,3,5,03,08,2,1,0,1,1,0,0
"POINT (9.741635891000044 52.449388022000051)",Unfall 130325 (2018) Kat:3, Licht: 0,130325,3,6,2,03,10,2,1,0,0,1,0,0
"POINT (9.848946756000032 52.410496028000068)",Unfall 130326 (2018) Kat:3, Licht: 0,130326,3,1,4,03,07,2,2,0,0,1,0,0
"POINT (9.748858778000056 52.396796103000042)",Unfall 130327 (2018) Kat:3, Licht: 0,130327,3,1,0,03,07,2,1,0,1,1,0,0
"POINT (9.803806119000058 52.394649345000062)",Unfall 130341 (2018) Kat:3, Licht: 0,130341,3,3,5,03,12,6,0,0,0,1,0,0
"POINT (9.853369933000067 52.389604858000041)",Unfall 130354 (2018) Kat:3, Licht: 0,130354,3,7,6,03,10,1,2,0,0,1,1,0
"POINT (9.789328720000071 52.458330682000053)",Unfall 130357 (2018) Kat:3, Licht: 0,130357,3,2,5,03,12,2,1,0,1,1,0,0
"POINT (9.750026561000027 52.376192711000044)",Unfall 130366 (2018) Kat:3, Licht: 0,130366,3,2,6,03,08,5,0,0,0,1,1,0
"POINT (9.705078464000053 52.375153327000078)",Unfall 130367 (2018) Kat:3, Licht: 0,130367,3,5,1,03,17,7,2,0,1,1,0,0
"POINT (9.715935234000028 52.382531282000059)",Unfall 130369 (2018) Kat:3, Licht: 0,130369,3,7,4,03,12,7,0,0,0,1,0,0
"POINT (9.772525756000050 52.264032274000044)",Unfall 130373 (2018) Kat:3, Licht: 0,130373,3,3,5,03,11,5,0,0,0,1,0,0