WKT,Name,OBJECTID,UKATEGORIE,UTYP1,UART,UMONAT,USTUNDE,UWOCHENTAG,STRZUSTAND,ULICHTVERH,ISTRAD,ISTPKW,ISTFUSS,ISTKRAD
"POINT (9.818770427000061 52.322993027000052)",Unfall 131227 (2018) Kat:3, Licht: 0,131227,3,2,0,04,13,6,1,0,1,0,0,0
"POINT (9.765054438000050 52.393863495000062)",Unfall 131228 (2018) Kat:3, Licht: 0,131228,3,2,4,04,16,3,0,0,0,1,0,0
"POINT (9.352329750000024 52.451165192000076)",Unfall 131229 (2018) Kat:3, Licht: 0,131229,3,2,3,04,17,3,0,0,0,1,0,1
"POINT (9.733313296000063 52.545690898000032)",Unfall 131232 (2018) Kat:3, Licht: 0,131232,3,6,2,04,16,3,0,0,0,1,0,0
"POINT (9.982033965000028 52.384323549000044)",Unfall 131233 (2018) Kat:3, Licht: 0,131233,3,7,5,04,13,3,0,0,0,1,0,1
"POINT (9.730361445000028 52.391209238000044)",Unfall 131235 (2018) Kat:3, Licht: 0,131235,3,7,0,04,13,6,0,0,0,0,0,0
"POINT (10.016435005000062 52.449975337000069)",Unfall 131236 (2018) Kat:3, Licht: 0,131236,3,2,5,04,07,3,0,0,1,1,0,0
"POINT (9.718363180000040 52.386323466000078)",Unfall 131237 (2018) Kat:3, Licht: 0,131237,3,6,1,04,13,6,1,0,1,1,0,0
"POINT (9.738441725000030 52.390059469000050)",Unfall 131238 (2018) Kat:3, Licht: 0,131238,3,3,5,04,15,3,0,0,1,1,0,0
"POINT (9.752326402000051 52.411164011000039)",Unfall 131240 (2018) Kat:3, Licht: 0,131240,3,4,6,04,08,6,1,0,0,1,1,0
"POINT (9.714446910000049 52.366054860000077)",Unfall 131241 (2018) Kat:3, Licht: 0,131241,3,6,2,04,12,3,0,0,1,1,0,0
"POINT (9.737985762000051 52.406054915000027)",Unfall 131243 (2018) Kat:3, Licht: 0,131243,3,7,0,04,12,3,0,0,0,0,0,0
"POINT (9.750196811000023 52.376483413000074)",Unfall 131244 (2018) Kat:3, Licht: 0,131244,3,2,2,04,08,3,0,0,1,0,0,1
"POINT (9.599580464000042 52.434942151000030)",Unfall 131246 (2018) Kat:3, Licht: 0,131246,3,7,0,04,13,6,1,0,1,0,0,0
"POINT (9.739800276000040 52.383122628000081)",Unfall 131247 (2018) Kat:2, Licht: 0,131247,2,2,5,04,07,3,0,0,1,1,0,0
"POINT (9.733783503000041 52.545791986000040)",Unfall 131257 (2018) Kat:3, Licht: 0,131257,3,2,2,04,06,6,0,0,0,1,0,0
"POINT (9.853032210000038 52.491422604000036)",Unfall 131263 (2018) Kat:3, Licht: 0,131263,3,5,1,04,17,2,0,0,0,1,0,0
"POINT (9.766171773000053 52.381973334000065)",Unfall 131265 (2018) Kat:3, Licht: 2,131265,3,2,5,04,22,6,1,2,0,1,0,0
"POINT (9.751981379000029 52.359472120000078)",Unfall 131268 (2018) Kat:3, Licht: 0,131268,3,4,6,04,12,6,1,0,0,1,1,0
"POINT (9.591516697000031 52.395937739000033)",Unfall 131274 (2018) Kat:2, Licht: 0,131274,2,6,6,04,11,3,0,0,0,1,1,0
"POINT (9.689674938000053 52.349486328000069)",Unfall 131280 (2018) Kat:2, Licht: 0,131280,2,2,6,04,09,7,0,0,0,1,1,0
"POINT (9.722941478000053 52.368956798000056)",Unfall 131284 (2018) Kat:3, Licht: 2,131284,3,7,6,04,05,2,0,2,1,0,1,0
"POINT (9.809676774000025 52.419366115000059)",Unfall 131288 (2018) Kat:3, Licht: 0,131288,3,3,5,04,08,2,0,0,0,1,0,0
"POINT (9.725096796000059 52.383923372000027)",Unfall 131289 (2018) Kat:3, Licht: 0,131289,3,3,0,04,19,2,0,0,0,1,0,0
"POINT (9.732569893000061 52.383132196000076)",Unfall 131291 (2018) Kat:3, Licht: 0,131291,3,6,2,04,17,2,0,0,0,1,0,0
"POINT (9.743014635000066 52.458330057000069)",Unfall 131293 (2018) Kat:2, Licht: 0,131293,2,3,5,04,06,2,0,0,0,0,0,1
"POINT (10.004845628000055 52.449546907000069)",Unfall 131310 (2018) Kat:3, Licht: 0,131310,3,3,5,04,14,3,0,0,1,1,0,0
"POINT (9.757656493000070 52.356056457000079)",Unfall 131312 (2018) Kat:3, Licht: 0,131312,3,3,5,04,08,6,1,0,1,0,0,0
"POINT (9.735019478000027 52.367132208000044)",Unfall 131313 (2018) Kat:3, Licht: 0,131313,3,6,2,04,18,2,0,0,0,1,0,0
"POINT (9.748184064000043 52.420085498000049)",Unfall 131315 (2018) Kat:3, Licht: 0,131315,3,3,5,04,09,5,0,0,0,1,0,0
"POINT (9.748128660000077 52.390928602000031)",Unfall 131317 (2018) Kat:3, Licht: 0,131317,3,3,5,04,11,5,0,0,1,1,0,0
"POINT (9.851707484000031 52.490488342000049)",Unfall 131319 (2018) Kat:3, Licht: 0,131319,3,3,5,04,12,3,0,0,1,1,0,0
"POINT (9.546578595000028 52.206583640000076)",Unfall 131320 (2018) Kat:3, Licht: 0,131320,3,5,1,04,12,5,0,0,0,1,0,0
"POINT (9.720267104000072 52.375332573000037)",Unfall 131322 (2018) Kat:3, Licht: 0,131322,3,5,1,04,20,5,0,0,0,1,0,1
"POINT (9.783922729000040 52.360413611000070)",Unfall 131323 (2018) Kat:3, Licht: 0,131323,3,6,4,04,15,5,0,0,1,0,0,0
"POINT (9.712497262000056 52.360788819000049)",Unfall 131325 (2018) Kat:3, Licht: 0,131325,3,6,3,04,08,4,0,0,0,1,0,0
"POINT (9.740971694000052 52.369082414000047)",Unfall 131326 (2018) Kat:3, Licht: 0,131326,3,1,0,04,15,5,0,0,1,0,0,0
"POINT (9.730539537000027 52.396170047000055)",Unfall 131330 (2018) Kat:3, Licht: 0,131330,3,3,5,04,10,4,1,0,0,1,0,0
"POINT (9.806952603000070 52.306232749000060)",Unfall 131331 (2018) Kat:3, Licht: 0,131331,3,7,1,04,12,5,0,0,0,1,0,0
"POINT (9.761293504000037 52.380002249000029)",Unfall 131336 (2018) Kat:2, Licht: 0,131336,2,3,5,04,09,5,0,0,0,1,0,0
"POINT (9.691750600000034 52.364985925000042)",Unfall 131350 (2018) Kat:3, Licht: 0,131350,3,2,5,04,13,6,0,0,1,1,0,0
"POINT (9.753772328000025 52.386412574000076)",Unfall 131358 (2018) Kat:3, Licht: 0,131358,3,6,0,04,10,3,0,0,0,1,0,1
"POINT (9.719460158000061 52.349479415000076)",Unfall 131363 (2018) Kat:3, Licht: 0,131363,3,6,2,04,11,2,0,0,1,1,0,0
"POINT (9.854038731000060 52.388854901000059)",Unfall 131377 (2018) Kat:3, Licht: 0,131377,3,6,4,04,13,5,0,0,0,1,0,0
"POINT (9.739391717000046 52.447008889000074)",Unfall 131378 (2018) Kat:3, Licht: 0,131378,3,2,2,04,12,2,0,0,0,1,0,0
"POINT (9.755952416000071 52.377772651000043)",Unfall 131382 (2018) Kat:3, Licht: 0,131382,3,6,2,04,09,4,1,0,0,1,0,0
"POINT (9.724153635000050 52.349784776000035)",Unfall 131399 (2018) Kat:2, Licht: 0,131399,2,7,0,04,17,1,0,0,1,0,0,0
"POINT (9.815239574000032 52.359753847000036)",Unfall 131402 (2018) Kat:3, Licht: 0,131402,3,1,0,04,07,6,0,0,1,0,0,0
"POINT (9.717117524000059 52.343629575000080)",Unfall 131417 (2018) Kat:3, Licht: 0,131417,3,1,0,04,16,5,0,0,1,0,0,0
"POINT (9.706519400000047 52.373773224000047)",Unfall 131418 (2018) Kat:3, Licht: 0,131418,3,7,0,04,18,2,0,0,1,0,0,0
"POINT (9.618267517000049 52.405779479000046)",Unfall 131422 (2018) Kat:3, Licht: 0,131422,3,3,5,04,18,7,0,0,1,1,0,0
"POINT (9.989974004000032 52.318238550000046)",Unfall 131427 (2018) Kat:3, Licht: 2,131427,3,7,0,04,02,3,0,2,0,0,0,1
"POINT (9.694068410000057 52.352744569000038)",Unfall 131428 (2018) Kat:3, Licht: 0,131428,3,6,2,04,14,7,0,0,0,1,0,1
"POINT (9.799788923000051 52.334936696000057)",Unfall 131429 (2018) Kat:3, Licht: 0,131429,3,4,6,04,17,5,0,0,0,1,1,0
"POINT (10.037964696000074 52.447425214000077)",Unfall 131434 (2018) Kat:3, Licht: 0,131434,3,1,9,04,14,4,0,0,0,0,0,1
"POINT (9.709427429000073 52.373647806000065)",Unfall 131435 (2018) Kat:3, Licht: 0,131435,3,1,0,04,08,7,0,0,1,0,0,0
"POINT (9.807598030000065 52.379633652000052)",Unfall 131439 (2018) Kat:3, Licht: 0,131439,3,2,5,04,18,7,0,0,1,1,0,0
"POINT (9.694678965000037 52.405921606000049)",Unfall 131446 (2018) Kat:3, Licht: 0,131446,3,3,5,04,07,4,0,0,1,0,0,0
"POINT (9.733661461000054 52.369260241000063)",Unfall 131447 (2018) Kat:3, Licht: 0,131447,3,6,2,04,18,4,0,0,0,1,0,0
"POINT (10.016407357000048 52.450057099000048)",Unfall 131450 (2018) Kat:3, Licht: 0,131450,3,7,0,04,14,7,0,0,0,0,0,0
"POINT (9.724991275000036 52.363053880000052)",Unfall 131451 (2018) Kat:3, Licht: 0,131451,3,7,6,04,19,4,0,0,0,1,1,0
"POINT (9.731606588000034 52.369532344000049)",Unfall 131455 (2018) Kat:3, Licht: 0,131455,3,6,2,04,12,4,0,0,0,1,0,0
"POINT (9.712872160000075 52.371580554000047)",Unfall 131456 (2018) Kat:3, Licht: 0,131456,3,6,4,04,13,4,0,0,1,0,0,0
"POINT (9.725560509000047 52.377039047000039)",Unfall 131459 (2018) Kat:3, Licht: 0,131459,3,6,2,04,14,4,0,0,0,1,0,0
"POINT (9.702920557000027 52.341162327000063)",Unfall 131462 (2018) Kat:3, Licht: 0,131462,3,2,5,04,14,7,0,0,1,1,0,0
"POINT (9.737179264000076 52.375527126000065)",Unfall 131466 (2018) Kat:3, Licht: 2,131466,3,1,0,04,00,4,0,2,1,0,0,0
"POINT (9.514458492000074 52.406543465000027)",Unfall 131467 (2018) Kat:3, Licht: 0,131467,3,3,5,04,17,4,0,0,0,1,0,1
"POINT (9.727898133000053 52.400205696000057)",Unfall 131469 (2018) Kat:3, Licht: 0,131469,3,3,5,04,14,3,0,0,1,1,0,0
"POINT (9.855510763000041 52.392483388000073)",Unfall 131471 (2018) Kat:3, Licht: 0,131471,3,6,0,04,14,5,0,0,1,1,0,0
"POINT (9.734718510000050 52.375074111000060)",Unfall 131472 (2018) Kat:3, Licht: 0,131472,3,3,5,04,08,2,0,0,1,0,0,0
"POINT (9.728291783000032 52.359011700000053)",Unfall 131473 (2018) Kat:3, Licht: 0,131473,3,3,5,04,17,4,0,0,1,1,0,0
"POINT (9.825422251000077 52.360760331000051)",Unfall 131478 (2018) Kat:2, Licht: 0,131478,2,5,1,04,14,4,0,0,1,1,0,0
"POINT (9.742834730000027 52.379256714000064)",Unfall 131481 (2018) Kat:3, Licht: 0,131481,3,1,0,04,15,4,0,0,1,0,0,0
"POINT (9.739189340000053 52.370483592000028)",Unfall 131483 (2018) Kat:3, Licht: 0,131483,3,5,1,04,15,3,0,0,1,1,0,0
"POINT (9.736046996000027 52.370732600000053)",Unfall 131486 (2018) Kat:3, Licht: 0,131486,3,3,5,04,11,4,0,0,0,0,0,1
"POINT (9.755616642000064 52.366395170000033)",Unfall 131491 (2018) Kat:3, Licht: 0,131491,3,4,6,04,10,4,1,0,1,0,1,0
"POINT (9.813901348000059 52.412141444000042)",Unfall 131495 (2018) Kat:3, Licht: 0,131495,3,2,0,04,17,4,1,0,0,0,0,1
"POINT (9.806838055000071 52.307824140000037)",Unfall 131519 (2018) Kat:3, Licht: 0,131519,3,2,4,04,13,6,0,0,1,1,0,0
"POINT (9.714334178000058 52.360922613000071)",Unfall 131532 (2018) Kat:3, Licht: 0,131532,3,3,5,04,16,5,0,0,1,1,0,0
"POINT (9.660763960000054 52.356079708000038)",Unfall 131533 (2018) Kat:3, Licht: 0,131533,3,3,5,04,07,2,0,0,1,1,0,0
"POINT (9.588294734000044 52.412966298000072)",Unfall 131544 (2018) Kat:3, Licht: 0,131544,3,4,6,04,09,3,0,0,1,0,1,0
"POINT (9.790152792000072 52.358514496000055)",Unfall 131545 (2018) Kat:3, Licht: 1,131545,3,5,2,04,07,5,0,1,0,1,0,0
"POINT (9.689953000000060 52.432729492000078)",Unfall 131546 (2018) Kat:3, Licht: 0,131546,3,2,5,04,07,2,0,0,0,1,0,0
"POINT (9.592761584000073 52.415510574000052)",Unfall 131550 (2018) Kat:3, Licht: 0,131550,3,2,3,04,15,4,0,0,1,1,0,0
"POINT (9.794654289000050 52.332385740000063)",Unfall 131566 (2018) Kat:3, Licht: 0,131566,3,4,6,04,15,1,0,0,0,1,1,0
"POINT (9.809064359000047 52.379532471000061)",Unfall 131582 (2018) Kat:3, Licht: 0,131582,3,2,5,04,12,3,0,0,1,1,0,0
"POINT (9.759858206000047 52.361709909000069)",Unfall 131583 (2018) Kat:3, Licht: 0,131583,3,3,5,04,07,5,0,0,1,1,0,0
"POINT (9.808610137000073 52.386316361000070)",Unfall 131584 (2018) Kat:3, Licht: 0,131584,3,2,2,04,08,2,0,0,0,1,0,0
"POINT (9.816138409000075 52.328032441000062)",Unfall 131587 (2018) Kat:3, Licht: 0,131587,3,2,3,05,16,3,0,0,0,1,0,1
"POINT (9.721907481000073 52.376723325000057)",Unfall 131590 (2018) Kat:3, Licht: 0,131590,3,7,0,04,20,1,0,0,1,0,0,0
"POINT (9.731093207000072 52.407363834000080)",Unfall 131595 (2018) Kat:3, Licht: 0,131595,3,3,5,05,07,6,0,0,1,1,0,0
"POINT (9.756460769000057 52.341404655000076)",Unfall 131601 (2018) Kat:3, Licht: 0,131601,3,1,7,04,18,1,1,0,1,0,0,0
"POINT (9.729942058000063 52.344543121000072)",Unfall 131604 (2018) Kat:3, Licht: 0,131604,3,3,5,04,10,5,1,0,0,1,0,0
"POINT (9.764002284000071 52.566731817000061)",Unfall 131607 (2018) Kat:3, Licht: 0,131607,3,7,0,05,16,6,0,0,1,0,1,0
"POINT (9.430541632000029 52.419543467000040)",Unfall 131609 (2018) Kat:3, Licht: 0,131609,3,3,5,04,20,2,0,0,1,1,0,0
"POINT (9.827866026000038 52.426878941000041)",Unfall 131617 (2018) Kat:3, Licht: 0,131617,3,7,6,05,08,4,0,0,0,1,1,0
"POINT (9.725453182000024 52.383961077000038)",Unfall 131618 (2018) Kat:3, Licht: 0,131618,3,2,5,05,08,6,0,0,1,1,0,0
"POINT (9.722792924000032 52.350535096000044)",Unfall 131620 (2018) Kat:3, Licht: 0,131620,3,5,0,04,13,2,0,0,0,1,0,0
"POINT (10.015179544000034 52.435512355000071)",Unfall 131630 (2018) Kat:3, Licht: 0,131630,3,4,6,05,16,5,0,0,0,1,1,0
"POINT (9.719381992000024 52.366076236000026)",Unfall 131631 (2018) Kat:3, Licht: 0,131631,3,5,1,04,18,7,0,0,1,1,0,0
"POINT (9.701065616000051 52.375478830000077)",Unfall 131634 (2018) Kat:3, Licht: 0,131634,3,3,5,04,07,6,0,0,1,0,0,0
"POINT (9.822505543000034 52.400347147000048)",Unfall 131638 (2018) Kat:3, Licht: 0,131638,3,6,2,04,14,5,1,0,0,1,0,0
"POINT (9.621974823000073 52.248064009000075)",Unfall 131639 (2018) Kat:3, Licht: 0,131639,3,1,0,04,14,1,0,0,1,0,0,0
"POINT (9.751923030000057 52.392542638000066)",Unfall 131645 (2018) Kat:3, Licht: 0,131645,3,2,6,05,14,6,0,0,0,1,1,0
"POINT (9.653210778000073 52.412792382000077)",Unfall 131650 (2018) Kat:3, Licht: 0,131650,3,1,4,04,15,5,1,0,0,1,0,0
"POINT (9.666753283000048 52.384940262000043)",Unfall 131660 (2018) Kat:3, Licht: 0,131660,3,6,6,05,09,4,0,0,0,1,1,0
"POINT (9.714889002000064 52.370856302000050)",Unfall 131661 (2018) Kat:3, Licht: 0,131661,3,3,5,05,14,6,0,0,1,0,0,0
"POINT (10.009491170000047 52.452495688000056)",Unfall 131663 (2018) Kat:3, Licht: 0,131663,3,3,5,04,10,2,0,0,1,1,0,0
"POINT (9.793047527000056 52.403209386000071)",Unfall 131668 (2018) Kat:3, Licht: 0,131668,3,3,5,05,09,4,0,0,1,1,0,0
"POINT (9.735161813000048 52.380394321000040)",Unfall 131672 (2018) Kat:3, Licht: 2,131672,3,1,0,05,02,5,0,2,1,0,0,0
"POINT (9.608380711000052 52.449372250000067)",Unfall 131675 (2018) Kat:3, Licht: 0,131675,3,3,5,04,11,5,0,0,0,1,0,0
"POINT (9.706812530000036 52.407865543000071)",Unfall 131686 (2018) Kat:3, Licht: 0,131686,3,3,5,05,19,5,0,0,1,1,0,0
"POINT (9.559520199000076 52.224801601000081)",Unfall 131687 (2018) Kat:2, Licht: 0,131687,2,1,9,04,09,7,0,0,0,1,0,0
"POINT (9.997430090000023 52.446869749000030)",Unfall 131691 (2018) Kat:3, Licht: 0,131691,3,3,5,04,17,6,0,0,1,0,0,0
"POINT (10.112639923000074 52.492311369000049)",Unfall 131695 (2018) Kat:2, Licht: 0,131695,2,7,1,04,20,1,0,0,1,0,0,0
"POINT (9.780165720000071 52.342977023000060)",Unfall 131704 (2018) Kat:3, Licht: 0,131704,3,2,4,05,11,6,0,0,1,1,0,0
"POINT (9.735294670000030 52.439950731000067)",Unfall 131713 (2018) Kat:3, Licht: 0,131713,3,3,5,05,20,4,0,0,1,1,0,0
"POINT (9.750884517000031 52.375551726000026)",Unfall 131714 (2018) Kat:3, Licht: 0,131714,3,2,5,05,09,6,0,0,1,1,0,0
"POINT (9.745872515000031 52.303711106000037)",Unfall 131718 (2018) Kat:3, Licht: 0,131718,3,5,1,05,13,6,0,0,1,1,0,0
"POINT (9.825315145000047 52.295449666000081)",Unfall 131720 (2018) Kat:3, Licht: 0,131720,3,3,5,04,13,2,0,0,0,1,0,0
"POINT (9.597567200000071 52.420623296000031)",Unfall 131729 (2018) Kat:3, Licht: 0,131729,3,1,0,05,14,5,0,0,0,0,0,1
"POINT (10.007378282000047 52.446544231000075)",Unfall 131730 (2018) Kat:3, Licht: 0,131730,3,6,2,04,17,7,0,0,1,1,0,0
"POINT (10.204362274000061 52.467106557000079)",Unfall 131731 (2018) Kat:2, Licht: 0,131731,2,1,9,04,12,2,0,0,0,0,0,1
"POINT (9.702842801000031 52.328932121000037)",Unfall 131749 (2018) Kat:3, Licht: 0,131749,3,4,6,04,18,6,0,0,0,1,1,0
"POINT (9.717187624000076 52.344810372000040)",Unfall 131752 (2018) Kat:3, Licht: 0,131752,3,3,5,04,17,5,0,0,1,1,0,0
"POINT (9.762856415000044 52.409179919000053)",Unfall 131753 (2018) Kat:3, Licht: 0,131753,3,7,0,04,11,1,0,0,1,0,0,0
"POINT (9.740414477000059 52.383270584000059)",Unfall 131759 (2018) Kat:3, Licht: 0,131759,3,2,2,04,11,5,1,0,0,1,0,0
"POINT (9.735816544000045 52.383963369000071)",Unfall 131761 (2018) Kat:3, Licht: 0,131761,3,2,3,05,16,6,0,0,0,1,0,0
"POINT (9.734316402000047 52.376745665000044)",Unfall 131775 (2018) Kat:3, Licht: 0,131775,3,1,0,05,17,6,0,0,1,0,0,0
"POINT (9.731110337000075 52.336221837000039)",Unfall 131777 (2018) Kat:3, Licht: 0,131777,3,6,2,04,16,5,1,0,0,1,0,0
"POINT (9.981544754000026 52.379067730000031)",Unfall 131778 (2018) Kat:3, Licht: 0,131778,3,4,6,04,15,2,0,0,0,1,1,0
"POINT (9.771563573000037 52.397494507000033)",Unfall 131787 (2018) Kat:3, Licht: 0,131787,3,4,6,05,10,4,0,0,1,0,1,0
"POINT (9.693932138000037 52.400935138000079)",Unfall 131791 (2018) Kat:3, Licht: 0,131791,3,2,5,05,08,5,0,0,1,1,0,0
"POINT (9.781589570000051 52.417700037000031)",Unfall 131803 (2018) Kat:3, Licht: 0,131803,3,3,5,05,11,5,0,0,0,1,0,0
"POINT (9.750917007000055 52.375513000000069)",Unfall 131804 (2018) Kat:3, Licht: 0,131804,3,3,5,04,12,7,0,0,0,1,0,0
"POINT (9.825324787000056 52.295448595000039)",Unfall 131808 (2018) Kat:3, Licht: 0,131808,3,6,2,04,13,6,0,0,0,1,0,0
"POINT (9.707392934000040 52.433544257000051)",Unfall 131812 (2018) Kat:3, Licht: 0,131812,3,3,5,04,14,1,0,0,1,1,0,0
"POINT (9.749314374000051 52.376985437000030)",Unfall 131818 (2018) Kat:3, Licht: 0,131818,3,6,3,05,13,6,0,0,0,1,0,0
"POINT (9.757661793000068 52.356082010000080)",Unfall 131829 (2018) Kat:3, Licht: 0,131829,3,3,5,05,07,4,0,0,1,1,0,0
"POINT (9.742674548000025 52.396993113000065)",Unfall 131830 (2018) Kat:3, Licht: 0,131830,3,2,0,05,14,6,0,0,0,0,0,0
"POINT (9.709113152000043 52.391562492000048)",Unfall 131832 (2018) Kat:3, Licht: 0,131832,3,3,5,04,18,2,0,0,0,1,0,0
"POINT (9.739479860000074 52.380839292000076)",Unfall 131839 (2018) Kat:3, Licht: 0,131839,3,2,5,05,07,4,0,0,1,0,0,0
"POINT (9.736768933000064 52.371295429000043)",Unfall 131843 (2018) Kat:3, Licht: 0,131843,3,4,6,05,16,5,0,0,1,0,1,0
"POINT (9.763052072000050 52.419034951000071)",Unfall 131844 (2018) Kat:3, Licht: 0,131844,3,3,5,04,11,7,0,0,0,1,0,0
"POINT (9.713505857000030 52.371393861000058)",Unfall 131845 (2018) Kat:3, Licht: 0,131845,3,1,0,04,18,5,1,0,1,0,0,0
"POINT (9.701166954000030 52.392023137000081)",Unfall 131854 (2018) Kat:3, Licht: 0,131854,3,7,0,05,06,5,0,0,0,1,0,1
"POINT (9.705482092000068 52.414828472000067)",Unfall 131858 (2018) Kat:3, Licht: 0,131858,3,7,0,04,17,6,0,0,1,0,0,0
"POINT (9.756483558000070 52.340703629000075)",Unfall 131867 (2018) Kat:3, Licht: 0,131867,3,6,2,05,13,2,0,0,0,1,0,0
"POINT (9.592070914000033 52.312704661000055)",Unfall 131869 (2018) Kat:3, Licht: 0,131869,3,6,2,05,07,2,0,0,0,1,0,0
"POINT (9.968336959000055 52.379676047000032)",Unfall 131871 (2018) Kat:3, Licht: 0,131871,3,6,0,05,17,2,0,0,1,0,0,0
"POINT (10.018845767000073 52.453653522000081)",Unfall 131872 (2018) Kat:3, Licht: 0,131872,3,3,5,05,12,3,0,0,1,0,0,0
"POINT (9.667253985000059 52.376189696000040)",Unfall 131874 (2018) Kat:3, Licht: 0,131874,3,3,5,05,14,6,0,0,0,1,0,0
"POINT (9.709133399000052 52.447977460000061)",Unfall 131875 (2018) Kat:3, Licht: 0,131875,3,3,5,05,14,2,0,0,0,0,0,1
"POINT (9.743585439000071 52.451447275000078)",Unfall 131881 (2018) Kat:3, Licht: 0,131881,3,6,0,05,12,2,0,0,0,1,0,0
"POINT (9.817948939000075 52.392892889000052)",Unfall 131882 (2018) Kat:3, Licht: 0,131882,3,3,5,05,08,4,0,0,1,1,0,0
"POINT (9.761784469000077 52.438709164000045)",Unfall 131883 (2018) Kat:3, Licht: 0,131883,3,3,5,05,08,2,0,0,0,1,0,1
"POINT (9.784560186000022 52.450351708000028)",Unfall 131889 (2018) Kat:3, Licht: 0,131889,3,7,0,05,13,2,0,0,1,0,0,0
"POINT (9.822991841000032 52.400420313000041)",Unfall 131891 (2018) Kat:3, Licht: 0,131891,3,2,5,05,17,2,0,0,0,1,0,0
"POINT (9.750983505000022 52.379218431000027)",Unfall 131892 (2018) Kat:3, Licht: 0,131892,3,3,5,05,08,2,0,0,1,1,0,0
"POINT (9.734696590000056 52.380557443000043)",Unfall 131894 (2018) Kat:3, Licht: 0,131894,3,5,1,05,19,7,0,0,0,1,0,0
"POINT (9.705132409000044 52.407296657000074)",Unfall 131898 (2018) Kat:2, Licht: 0,131898,2,3,5,05,08,2,0,0,0,1,0,0
"POINT (9.664554894000048 52.447588211000038)",Unfall 131905 (2018) Kat:3, Licht: 0,131905,3,3,5,05,11,7,0,0,0,1,0,1
"POINT (9.709708440000043 52.346965069000078)",Unfall 131912 (2018) Kat:3, Licht: 0,131912,3,3,5,05,19,3,0,0,1,1,0,0
"POINT (9.689651937000065 52.349417135000067)",Unfall 131920 (2018) Kat:3, Licht: 0,131920,3,2,5,05,10,4,0,0,0,1,0,0
"POINT (9.730621436000035 52.374881263000077)",Unfall 131923 (2018) Kat:2, Licht: 2,131923,2,1,0,05,22,4,0,2,0,0,0,1
"POINT (9.969816063000053 52.317336729000033)",Unfall 131928 (2018) Kat:3, Licht: 0,131928,3,4,6,05,12,3,0,0,0,1,1,0
"POINT (9.712941346000036 52.371555792000038)",Unfall 131942 (2018) Kat:3, Licht: 1,131942,3,3,5,05,20,6,0,1,1,0,0,0
"POINT (9.970633259000067 52.376228918000038)",Unfall 131947 (2018) Kat:3, Licht: 0,131947,3,3,5,05,11,7,0,0,1,1,0,0
"POINT (9.793038546000048 52.403225996000060)",Unfall 131949 (2018) Kat:3, Licht: 0,131949,3,3,5,05,07,4,0,0,1,1,0,0
"POINT (9.734035364000022 52.376679018000061)",Unfall 131964 (2018) Kat:3, Licht: 0,131964,3,1,0,05,17,5,0,0,1,0,0,0
"POINT (9.724254563000045 52.385726929000043)",Unfall 131969 (2018) Kat:3, Licht: 0,131969,3,7,6,05,11,3,0,0,0,0,1,0
"POINT (9.741594577000058 52.359828697000069)",Unfall 131984 (2018) Kat:3, Licht: 0,131984,3,7,0,05,17,3,0,0,1,0,1,0
"POINT (9.768295486000056 52.358269683000060)",Unfall 131993 (2018) Kat:3, Licht: 0,131993,3,6,2,05,15,1,0,0,0,1,0,0
"POINT (9.795893588000070 52.375269815000081)",Unfall 131994 (2018) Kat:3, Licht: 0,131994,3,4,6,05,16,4,0,0,0,1,1,0
"POINT (9.713694427000064 52.385440422000045)",Unfall 131995 (2018) Kat:3, Licht: 0,131995,3,7,0,05,15,1,0,0,1,0,0,0
"POINT (9.819118793000030 52.399936862000061)",Unfall 132000 (2018) Kat:3, Licht: 0,132000,3,3,5,05,09,6,0,0,1,1,0,0
"POINT (9.595212299000025 52.432799895000073)",Unfall 132002 (2018) Kat:3, Licht: 0,132002,3,3,5,05,10,1,0,0,1,0,0,0
"POINT (9.781520396000076 52.420072912000080)",Unfall 132003 (2018) Kat:3, Licht: 0,132003,3,2,2,05,15,1,0,0,0,1,0,0
"POINT (9.805932337000058 52.302049330000045)",Unfall 132005 (2018) Kat:3, Licht: 0,132005,3,3,5,05,18,7,0,0,0,1,0,0
"POINT (9.767704619000028 52.410338264000075)",Unfall 132008 (2018) Kat:3, Licht: 0,132008,3,3,5,05,13,7,0,0,1,1,0,0
"POINT (9.700691976000030 52.366347652000059)",Unfall 132020 (2018) Kat:2, Licht: 0,132020,2,4,6,05,10,5,0,0,1,0,1,0
"POINT (9.694719604000056 52.405910634000065)",Unfall 132035 (2018) Kat:3, Licht: 0,132035,3,3,5,05,17,4,0,0,1,1,0,0
"POINT (9.743752327000038 52.374307940000051)",Unfall 132040 (2018) Kat:3, Licht: 0,132040,3,1,0,05,13,3,0,0,1,0,0,0