WKT,Name,OBJECTID,UKATEGORIE,UTYP1,UART,UMONAT,USTUNDE,UWOCHENTAG,STRZUSTAND,ULICHTVERH,ISTRAD,ISTPKW,ISTFUSS,ISTKRAD
"POINT (9.761224511000023 52.358863822000046)",Unfall 136357 (2018) Kat:3, Licht: 0,136357,3,3,5,09,19,5,0,0,1,1,0,0
"POINT (9.679695966000054 52.346700937000037)",Unfall 136367 (2018) Kat:3, Licht: 0,136367,3,1,0,09,17,4,0,0,0,1,0,0
"POINT (9.737313861000075 52.355960346000074)",Unfall 136376 (2018) Kat:3, Licht: 0,136376,3,7,6,09,17,6,0,0,1,0,1,0
"POINT (9.793526653000072 52.317902996000043)",Unfall 136378 (2018) Kat:3, Licht: 0,136378,3,7,6,09,12,6,0,0,0,1,1,0
"POINT (9.703978561000042 52.366913372000056)",Unfall 136379 (2018) Kat:2, Licht: 0,136379,2,3,5,09,10,4,0,0,0,0,0,1
"POINT (9.737076085000069 52.382768175000081)",Unfall 136380 (2018) Kat:3, Licht: 0,136380,3,6,2,09,08,6,0,0,0,1,0,0
"POINT (9.431113812000035 52.421912279000026)",Unfall 136382 (2018) Kat:3, Licht: 0,136382,3,3,5,09,13,6,0,0,1,1,0,0
"POINT (9.743585277000022 52.390590667000026)",Unfall 136395 (2018) Kat:3, Licht: 2,136395,3,7,0,09,20,4,0,2,0,0,0,0
"POINT (9.742557004000048 52.439220102000036)",Unfall 136397 (2018) Kat:3, Licht: 0,136397,3,3,5,09,15,7,0,0,1,1,0,0
"POINT (9.821580599000072 52.284365513000068)",Unfall 136398 (2018) Kat:3, Licht: 0,136398,3,3,5,09,07,3,0,0,0,1,0,1
"POINT (9.704769610000028 52.351813303000029)",Unfall 136399 (2018) Kat:3, Licht: 0,136399,3,3,5,09,11,4,0,0,1,1,0,0
"POINT (9.458607676000042 52.503172459000041)",Unfall 136402 (2018) Kat:3, Licht: 0,136402,3,2,5,09,11,5,0,0,0,1,0,0
"POINT (9.750485707000053 52.366076738000061)",Unfall 136403 (2018) Kat:3, Licht: 0,136403,3,5,1,09,07,3,0,0,1,1,0,0
"POINT (9.788567914000055 52.373657096000045)",Unfall 136404 (2018) Kat:3, Licht: 0,136404,3,7,0,09,13,5,0,0,1,0,0,0
"POINT (9.567873485000064 52.208566696000048)",Unfall 136414 (2018) Kat:3, Licht: 0,136414,3,1,8,09,08,6,1,0,0,1,0,0
"POINT (9.729889091000075 52.390998285000080)",Unfall 136419 (2018) Kat:3, Licht: 2,136419,3,7,6,09,22,1,0,2,1,0,1,0
"POINT (9.755955408000034 52.360525312000050)",Unfall 136426 (2018) Kat:3, Licht: 2,136426,3,2,3,09,20,2,1,2,1,1,0,0
"POINT (9.730233291000047 52.376264757000058)",Unfall 136429 (2018) Kat:3, Licht: 0,136429,3,4,6,09,15,2,1,0,1,0,1,0
"POINT (10.209713685000054 52.475406788000043)",Unfall 136430 (2018) Kat:3, Licht: 1,136430,3,6,4,09,07,2,1,1,0,1,0,0
"POINT (9.718700123000076 52.373997267000050)",Unfall 136433 (2018) Kat:3, Licht: 2,136433,3,3,5,09,20,2,1,2,1,1,0,0
"POINT (9.752070396000022 52.410447262000048)",Unfall 136436 (2018) Kat:3, Licht: 0,136436,3,3,5,09,13,5,0,0,1,1,0,0
"POINT (9.704404928000031 52.374496783000041)",Unfall 136438 (2018) Kat:3, Licht: 0,136438,3,1,0,09,14,2,1,0,1,0,0,0
"POINT (9.720495316000040 52.375519058000066)",Unfall 136439 (2018) Kat:3, Licht: 0,136439,3,6,2,09,16,2,1,0,0,1,0,0
"POINT (9.975526728000034 52.373793593000073)",Unfall 136441 (2018) Kat:3, Licht: 0,136441,3,7,0,09,11,5,0,0,0,1,0,0
"POINT (9.743811401000073 52.389506478000044)",Unfall 136443 (2018) Kat:3, Licht: 0,136443,3,5,0,09,14,5,0,0,1,1,0,0
"POINT (9.705065704000049 52.409947383000031)",Unfall 136445 (2018) Kat:3, Licht: 0,136445,3,2,5,09,13,2,1,0,0,1,0,1
"POINT (9.716619649000052 52.372623606000047)",Unfall 136447 (2018) Kat:3, Licht: 0,136447,3,2,5,09,11,5,0,0,1,0,0,0
"POINT (9.857048938000048 52.366863319000061)",Unfall 136451 (2018) Kat:3, Licht: 2,136451,3,1,8,09,06,2,1,2,0,1,0,0
"POINT (9.728335244000050 52.374289113000032)",Unfall 136452 (2018) Kat:3, Licht: 0,136452,3,6,2,09,16,4,0,0,0,1,0,0
"POINT (9.856052786000021 52.366822055000057)",Unfall 136455 (2018) Kat:3, Licht: 0,136455,3,6,3,09,17,5,0,0,1,0,0,0
"POINT (9.756113661000029 52.377499154000077)",Unfall 136456 (2018) Kat:3, Licht: 0,136456,3,3,5,09,16,3,0,0,0,1,0,0
"POINT (9.720852319000073 52.373229773000048)",Unfall 136464 (2018) Kat:2, Licht: 0,136464,2,3,5,09,14,4,0,0,1,1,0,0
"POINT (9.734899939000059 52.380204751000065)",Unfall 136466 (2018) Kat:3, Licht: 2,136466,3,2,2,09,20,7,0,2,0,1,0,0
"POINT (9.798072007000030 52.326008693000063)",Unfall 136468 (2018) Kat:3, Licht: 0,136468,3,7,0,09,17,6,0,0,1,0,0,0
"POINT (9.783383858000036 52.415518136000060)",Unfall 136482 (2018) Kat:3, Licht: 0,136482,3,6,9,09,09,6,0,0,0,1,0,0
"POINT (9.738815026000054 52.363325686000053)",Unfall 136505 (2018) Kat:3, Licht: 0,136505,3,3,5,09,11,1,1,0,1,1,0,0
"POINT (9.957446618000063 52.322011145000033)",Unfall 136506 (2018) Kat:3, Licht: 0,136506,3,1,0,09,15,4,0,0,1,0,0,0
"POINT (9.769122335000077 52.376597426000046)",Unfall 136508 (2018) Kat:3, Licht: 0,136508,3,7,0,09,12,1,1,0,1,0,0,0
"POINT (9.741803180000034 52.380301415000076)",Unfall 136509 (2018) Kat:3, Licht: 0,136509,3,6,2,09,11,7,0,0,0,1,0,0
"POINT (9.724435872000072 52.394842844000038)",Unfall 136510 (2018) Kat:3, Licht: 0,136510,3,5,0,09,18,3,0,0,0,1,0,0
"POINT (9.970598056000029 52.376671444000067)",Unfall 136513 (2018) Kat:3, Licht: 0,136513,3,7,5,09,15,1,1,0,0,1,0,0
"POINT (9.714271852000024 52.343711791000032)",Unfall 136514 (2018) Kat:3, Licht: 2,136514,3,4,6,09,20,3,0,2,0,0,1,1
"POINT (9.663683152000033 52.380121039000073)",Unfall 136516 (2018) Kat:3, Licht: 0,136516,3,3,5,09,14,1,1,0,1,1,0,0
"POINT (9.717875410000033 52.397915173000058)",Unfall 136518 (2018) Kat:3, Licht: 0,136518,3,1,0,09,12,1,1,0,1,0,0,0
"POINT (9.427082902000052 52.434071392000078)",Unfall 136525 (2018) Kat:3, Licht: 0,136525,3,3,5,09,17,6,0,0,0,1,0,1
"POINT (9.720617883000045 52.385362868000072)",Unfall 136531 (2018) Kat:3, Licht: 0,136531,3,7,7,09,11,1,0,0,1,0,0,0
"POINT (9.819349397000053 52.355852834000075)",Unfall 136557 (2018) Kat:3, Licht: 0,136557,3,7,0,09,07,5,0,0,1,0,0,0
"POINT (9.729102727000054 52.380194632000041)",Unfall 136562 (2018) Kat:3, Licht: 0,136562,3,1,0,09,17,4,0,0,1,0,0,0
"POINT (9.774877307000054 52.371272469000075)",Unfall 136566 (2018) Kat:3, Licht: 0,136566,3,2,2,09,09,4,0,0,0,1,0,0
"POINT (9.717947269000035 52.391975127000080)",Unfall 136568 (2018) Kat:3, Licht: 0,136568,3,3,5,09,17,7,0,0,1,1,0,0
"POINT (9.815691733000051 52.425886843000058)",Unfall 136570 (2018) Kat:3, Licht: 0,136570,3,3,5,09,14,3,0,0,0,1,0,0
"POINT (9.805382027000064 52.412344554000072)",Unfall 136573 (2018) Kat:3, Licht: 0,136573,3,2,5,09,15,7,0,0,1,1,0,0
"POINT (9.820775663000063 52.388307516000054)",Unfall 136575 (2018) Kat:3, Licht: 2,136575,3,7,9,09,00,7,1,2,0,1,0,0
"POINT (9.736337566000032 52.479024533000029)",Unfall 136584 (2018) Kat:3, Licht: 0,136584,3,5,5,09,09,7,0,0,0,1,0,0
"POINT (9.610266124000077 52.416255086000035)",Unfall 136585 (2018) Kat:2, Licht: 0,136585,2,3,5,09,07,3,1,0,1,1,0,0
"POINT (9.803699877000042 52.394925490000048)",Unfall 136587 (2018) Kat:3, Licht: 0,136587,3,2,5,09,07,6,0,0,1,1,0,0
"POINT (9.589682399000026 52.418852276000052)",Unfall 136599 (2018) Kat:2, Licht: 0,136599,2,3,5,09,07,6,0,0,0,1,0,1
"POINT (9.663921063000032 52.402775167000073)",Unfall 136614 (2018) Kat:3, Licht: 0,136614,3,2,4,09,09,3,1,0,1,1,0,0
"POINT (9.905099911000036 52.370387084000072)",Unfall 136624 (2018) Kat:3, Licht: 0,136624,3,5,5,09,16,4,0,0,0,1,0,0
"POINT (9.669633883000074 52.364821684000049)",Unfall 136626 (2018) Kat:3, Licht: 0,136626,3,2,6,09,09,7,0,0,0,1,1,0
"POINT (9.466678364000075 52.504389935000063)",Unfall 136627 (2018) Kat:3, Licht: 0,136627,3,3,5,09,13,3,0,0,1,1,0,0
"POINT (9.738982191000048 52.446452305000037)",Unfall 136636 (2018) Kat:3, Licht: 0,136636,3,3,5,09,16,7,0,0,1,1,0,0
"POINT (9.721264223000048 52.379232525000077)",Unfall 136638 (2018) Kat:3, Licht: 0,136638,3,6,2,09,13,6,0,0,1,0,0,1
"POINT (9.847360234000064 52.360021313000061)",Unfall 136647 (2018) Kat:3, Licht: 0,136647,3,2,5,09,13,1,0,0,0,1,0,0
"POINT (9.533745844000066 52.407520601000044)",Unfall 136667 (2018) Kat:3, Licht: 0,136667,3,3,5,10,13,5,0,0,1,1,0,0
"POINT (9.740994010000065 52.398856337000041)",Unfall 136669 (2018) Kat:3, Licht: 0,136669,3,3,5,10,09,4,0,0,1,1,0,0
"POINT (9.694121533000043 52.365339047000077)",Unfall 136689 (2018) Kat:3, Licht: 2,136689,3,2,5,10,20,5,0,2,1,1,0,0
"POINT (10.000360391000072 52.453290129000038)",Unfall 136692 (2018) Kat:3, Licht: 0,136692,3,3,5,10,15,1,0,0,0,1,0,0
"POINT (9.617381483000031 52.443336671000054)",Unfall 136703 (2018) Kat:3, Licht: 0,136703,3,2,2,10,11,6,0,0,0,1,0,0
"POINT (9.669892948000040 52.370412599000076)",Unfall 136711 (2018) Kat:3, Licht: 1,136711,3,2,4,10,19,7,0,1,0,1,0,0
"POINT (9.760512333000065 52.360007265000036)",Unfall 136713 (2018) Kat:3, Licht: 0,136713,3,3,5,10,17,3,0,0,0,1,0,0
"POINT (9.589718614000049 52.418816185000026)",Unfall 136720 (2018) Kat:3, Licht: 0,136720,3,6,2,10,15,4,0,0,0,1,0,0
"POINT (9.669372009000028 52.349664813000061)",Unfall 136726 (2018) Kat:3, Licht: 0,136726,3,3,5,10,13,4,0,0,1,1,0,0
"POINT (9.763331836000077 52.374925153000049)",Unfall 136729 (2018) Kat:3, Licht: 0,136729,3,3,5,10,15,3,0,0,0,1,0,0
"POINT (9.709987108000064 52.372283476000064)",Unfall 136762 (2018) Kat:3, Licht: 2,136762,3,7,6,10,21,2,0,2,0,1,1,0
"POINT (9.362231391000023 52.459565215000055)",Unfall 136766 (2018) Kat:3, Licht: 0,136766,3,3,5,10,15,7,0,0,0,1,0,0
"POINT (9.507965670000033 52.570780152000054)",Unfall 136768 (2018) Kat:2, Licht: 0,136768,2,7,0,10,16,3,0,0,0,0,0,0
"POINT (9.666471648000027 52.334020218000035)",Unfall 136770 (2018) Kat:3, Licht: 0,136770,3,4,6,10,17,2,0,0,0,1,1,0
"POINT (9.719844289000037 52.368050038000035)",Unfall 136775 (2018) Kat:3, Licht: 0,136775,3,2,6,10,16,5,0,0,0,1,1,0
"POINT (9.916493081000056 52.370998069000052)",Unfall 136776 (2018) Kat:3, Licht: 0,136776,3,3,5,10,10,2,0,0,1,1,0,0
"POINT (9.767953735000049 52.358177561000048)",Unfall 136778 (2018) Kat:3, Licht: 0,136778,3,6,2,10,17,4,0,0,0,1,0,0
"POINT (9.692811958000050 52.367467005000037)",Unfall 136781 (2018) Kat:3, Licht: 0,136781,3,3,5,10,07,3,0,0,1,1,0,0
"POINT (9.719255072000067 52.431545067000059)",Unfall 136783 (2018) Kat:2, Licht: 0,136783,2,3,0,10,17,2,0,0,0,1,0,1
"POINT (9.729922833000046 52.380096275000028)",Unfall 136786 (2018) Kat:2, Licht: 0,136786,2,5,1,10,13,2,0,0,1,1,0,0
"POINT (9.809484011000052 52.361878019000073)",Unfall 136787 (2018) Kat:3, Licht: 0,136787,3,2,4,10,09,3,1,0,0,1,0,0
"POINT (9.713189412000077 52.384499352000034)",Unfall 136789 (2018) Kat:3, Licht: 0,136789,3,2,5,10,14,3,1,0,0,1,0,0
"POINT (9.790345099000035 52.407646694000050)",Unfall 136792 (2018) Kat:3, Licht: 0,136792,3,2,5,10,15,3,1,0,1,1,0,0
"POINT (9.759466843000041 52.395946929000047)",Unfall 136794 (2018) Kat:3, Licht: 0,136794,3,3,5,10,12,3,1,0,0,1,0,0
"POINT (9.758230164000054 52.396009228000082)",Unfall 136795 (2018) Kat:2, Licht: 0,136795,2,2,6,10,11,2,0,0,0,1,1,0
"POINT (9.617390597000053 52.443269164000071)",Unfall 136796 (2018) Kat:3, Licht: 0,136796,3,3,5,10,16,3,1,0,1,1,0,0
"POINT (9.754668658000071 52.389707474000033)",Unfall 136799 (2018) Kat:3, Licht: 0,136799,3,2,2,10,15,3,1,0,0,1,0,0
"POINT (9.817065781000053 52.290879410000059)",Unfall 136802 (2018) Kat:3, Licht: 0,136802,3,2,5,10,15,3,1,0,0,1,0,1
"POINT (9.769988822000073 52.358733001000076)",Unfall 136813 (2018) Kat:3, Licht: 0,136813,3,2,4,10,12,6,0,0,1,1,0,0
"POINT (9.712932917000046 52.341537678000066)",Unfall 136818 (2018) Kat:3, Licht: 2,136818,3,5,1,10,23,4,0,2,0,1,0,0
"POINT (9.717823944000031 52.430417358000057)",Unfall 136819 (2018) Kat:3, Licht: 0,136819,3,7,4,10,10,7,0,0,0,1,0,0
"POINT (9.694002746000024 52.352851285000042)",Unfall 136825 (2018) Kat:3, Licht: 0,136825,3,6,2,10,17,3,0,0,0,1,0,0
"POINT (9.769326408000040 52.334385399000041)",Unfall 136829 (2018) Kat:2, Licht: 2,136829,2,3,5,10,20,5,0,2,1,1,0,0
"POINT (9.745060519000049 52.377346305000060)",Unfall 136833 (2018) Kat:3, Licht: 0,136833,3,5,1,10,16,4,0,0,1,1,0,0
"POINT (9.688735155000074 52.554447473000039)",Unfall 136840 (2018) Kat:3, Licht: 0,136840,3,7,0,10,18,3,1,0,1,0,0,0
"POINT (10.025356984000041 52.445731670000043)",Unfall 136871 (2018) Kat:3, Licht: 0,136871,3,2,4,10,15,6,0,0,0,1,0,0
"POINT (9.805258829000024 52.399358656000061)",Unfall 136881 (2018) Kat:3, Licht: 2,136881,3,7,7,10,20,7,0,2,1,0,0,0
"POINT (9.797857657000066 52.342458690000058)",Unfall 136883 (2018) Kat:3, Licht: 0,136883,3,1,0,10,17,3,0,0,1,0,0,0
"POINT (9.722564850000026 52.377281555000081)",Unfall 136889 (2018) Kat:3, Licht: 0,136889,3,6,2,10,17,2,1,0,0,1,0,0
"POINT (9.789903686000059 52.410283911000079)",Unfall 136890 (2018) Kat:3, Licht: 0,136890,3,1,0,10,13,4,0,0,0,0,0,1
"POINT (9.756803702000070 52.364162368000052)",Unfall 136891 (2018) Kat:3, Licht: 0,136891,3,6,0,10,18,2,1,0,1,1,0,0
"POINT (9.735990025000035 52.394625563000034)",Unfall 136893 (2018) Kat:3, Licht: 0,136893,3,6,2,10,15,2,0,0,0,1,0,0
"POINT (9.757352335000064 52.364090700000077)",Unfall 136894 (2018) Kat:3, Licht: 0,136894,3,7,1,10,17,4,0,0,0,1,1,0
"POINT (9.379872324000075 52.412677571000074)",Unfall 136896 (2018) Kat:3, Licht: 1,136896,3,5,2,10,07,2,1,1,0,1,0,1
"POINT (9.806559369000070 52.349998721000077)",Unfall 136897 (2018) Kat:3, Licht: 0,136897,3,7,8,10,12,3,0,0,0,1,0,0
"POINT (9.599135217000026 52.420445442000073)",Unfall 136899 (2018) Kat:3, Licht: 0,136899,3,2,5,10,18,2,1,0,1,1,0,0
"POINT (9.726768355000047 52.361568499000043)",Unfall 136901 (2018) Kat:3, Licht: 0,136901,3,7,0,10,14,2,1,0,1,0,0,0
"POINT (9.779115539000031 52.410219342000062)",Unfall 136905 (2018) Kat:3, Licht: 0,136905,3,6,2,10,10,2,1,0,0,1,0,0
"POINT (9.610586619000060 52.422329088000026)",Unfall 136908 (2018) Kat:2, Licht: 0,136908,2,7,0,10,09,2,0,0,1,0,0,0
"POINT (9.612539456000036 52.306332504000068)",Unfall 136931 (2018) Kat:3, Licht: 0,136931,3,7,5,10,16,7,0,0,1,1,0,0
"POINT (10.018954281000049 52.450409259000082)",Unfall 136932 (2018) Kat:3, Licht: 2,136932,3,3,5,10,19,3,0,2,1,1,0,0
"POINT (9.774255091000043 52.335661067000046)",Unfall 136935 (2018) Kat:3, Licht: 2,136935,3,2,5,10,23,5,1,2,0,1,0,0
"POINT (9.728481090000059 52.377913446000036)",Unfall 136946 (2018) Kat:3, Licht: 0,136946,3,1,4,10,09,4,0,0,0,1,0,0
"POINT (9.692478090000066 52.398610329000064)",Unfall 136948 (2018) Kat:3, Licht: 0,136948,3,7,0,10,17,4,0,0,1,0,0,0
"POINT (9.792555224000068 52.396580123000035)",Unfall 136958 (2018) Kat:3, Licht: 0,136958,3,6,3,10,11,4,0,0,0,1,0,1
"POINT (9.750966402000074 52.348367216000042)",Unfall 136975 (2018) Kat:3, Licht: 0,136975,3,6,2,10,09,5,0,0,0,1,0,0
"POINT (9.668176207000045 52.415379031000043)",Unfall 136976 (2018) Kat:3, Licht: 0,136976,3,3,5,10,08,2,0,0,1,0,0,0
"POINT (9.705297697000049 52.369838413000082)",Unfall 136977 (2018) Kat:3, Licht: 0,136977,3,7,0,10,18,2,0,0,0,0,0,1
"POINT (9.516276936000054 52.402876996000032)",Unfall 136979 (2018) Kat:3, Licht: 0,136979,3,3,0,10,16,2,0,0,1,0,0,0
"POINT (9.934280705000049 52.348806093000064)",Unfall 136980 (2018) Kat:3, Licht: 0,136980,3,1,0,10,11,2,0,0,1,0,0,0
"POINT (9.710630308000077 52.448282853000080)",Unfall 136983 (2018) Kat:3, Licht: 2,136983,3,3,5,10,06,2,0,2,0,1,0,0
"POINT (9.974049524000066 52.383698108000033)",Unfall 136985 (2018) Kat:2, Licht: 0,136985,2,3,5,10,16,2,0,0,1,1,0,0
"POINT (9.741293456000051 52.378150239000036)",Unfall 136986 (2018) Kat:3, Licht: 0,136986,3,7,0,10,14,5,0,0,1,0,0,0
"POINT (9.765786189000039 52.339817092000033)",Unfall 136987 (2018) Kat:3, Licht: 0,136987,3,2,5,10,16,2,0,0,1,0,0,1
"POINT (9.772618741000031 52.339040114000056)",Unfall 136988 (2018) Kat:3, Licht: 0,136988,3,2,0,10,11,2,0,0,0,1,0,0
"POINT (9.728214361000028 52.374114252000027)",Unfall 137005 (2018) Kat:3, Licht: 0,137005,3,6,2,10,13,4,0,0,0,1,0,0
"POINT (9.487437434000071 52.290744934000031)",Unfall 137015 (2018) Kat:3, Licht: 0,137015,3,3,5,10,16,4,0,0,1,1,0,0
"POINT (9.741254668000067 52.363256728000067)",Unfall 137029 (2018) Kat:3, Licht: 0,137029,3,7,2,10,09,5,0,0,0,0,1,0
"POINT (9.797166243000049 52.318557811000062)",Unfall 137045 (2018) Kat:3, Licht: 1,137045,3,3,5,10,17,1,0,1,1,1,0,0
"POINT (9.782115872000077 52.415572123000061)",Unfall 137046 (2018) Kat:3, Licht: 0,137046,3,6,2,10,16,1,0,0,0,1,0,0
"POINT (9.691083866000042 52.394474613000057)",Unfall 137047 (2018) Kat:3, Licht: 2,137047,3,7,0,10,20,4,0,2,1,0,1,0
"POINT (9.475101896000069 52.360986750000052)",Unfall 137049 (2018) Kat:3, Licht: 0,137049,3,1,0,10,11,1,0,0,1,0,0,0
"POINT (9.739559890000066 52.372166939000067)",Unfall 137050 (2018) Kat:3, Licht: 0,137050,3,7,0,10,15,1,0,0,1,0,0,0
"POINT (9.413917278000042 52.430855086000065)",Unfall 137052 (2018) Kat:2, Licht: 0,137052,2,1,8,10,17,1,0,0,0,0,0,1
"POINT (9.720886617000076 52.373317667000038)",Unfall 137055 (2018) Kat:2, Licht: 0,137055,2,2,5,10,17,1,0,0,0,1,0,0
"POINT (9.518693134000046 52.170296187000076)",Unfall 137056 (2018) Kat:2, Licht: 0,137056,2,1,0,10,10,1,0,0,0,0,0,1
"POINT (9.764442981000059 52.396018003000052)",Unfall 137060 (2018) Kat:3, Licht: 0,137060,3,6,2,10,11,4,0,0,0,1,0,0
"POINT (9.761308543000041 52.379988836000052)",Unfall 137072 (2018) Kat:2, Licht: 1,137072,2,3,5,10,18,4,0,1,0,1,0,1
"POINT (9.714902840000036 52.354482172000075)",Unfall 137073 (2018) Kat:3, Licht: 1,137073,3,5,1,10,07,3,0,1,0,1,0,0
"POINT (9.669986593000033 52.355198410000071)",Unfall 137086 (2018) Kat:3, Licht: 0,137086,3,4,6,10,10,3,0,0,0,1,1,0
"POINT (9.727211241000020 52.343599085000051)",Unfall 137092 (2018) Kat:3, Licht: 0,137092,3,5,1,10,11,7,0,0,0,1,0,0
"POINT (9.700609764000035 52.333544062000044)",Unfall 137094 (2018) Kat:3, Licht: 0,137094,3,4,6,10,13,7,0,0,0,1,1,0
"POINT (9.796969507000028 52.310623998000040)",Unfall 137095 (2018) Kat:3, Licht: 2,137095,3,7,3,10,19,3,0,2,0,1,0,1
"POINT (9.728673433000040 52.372926741000072)",Unfall 137097 (2018) Kat:3, Licht: 0,137097,3,3,5,10,15,7,0,0,1,1,0,0
"POINT (9.724027681000052 52.372935265000081)",Unfall 137098 (2018) Kat:3, Licht: 0,137098,3,3,5,10,13,7,0,0,1,1,0,0
"POINT (9.741379489000053 52.371093794000046)",Unfall 137099 (2018) Kat:3, Licht: 2,137099,3,3,5,10,23,3,0,2,1,1,0,0
"POINT (9.671519683000042 52.383448824000027)",Unfall 137101 (2018) Kat:3, Licht: 0,137101,3,4,6,10,14,7,0,0,0,1,1,0
"POINT (9.749065359000042 52.377799206000077)",Unfall 137102 (2018) Kat:3, Licht: 0,137102,3,3,5,10,15,7,0,0,1,1,0,0
"POINT (9.725233077000041 52.383303481000041)",Unfall 137103 (2018) Kat:3, Licht: 0,137103,3,2,5,10,15,5,0,0,1,0,0,0
"POINT (9.450567611000054 52.422964008000065)",Unfall 137107 (2018) Kat:3, Licht: 2,137107,3,5,1,10,19,3,1,2,1,1,0,0
"POINT (9.726179245000026 52.459837937000032)",Unfall 137109 (2018) Kat:3, Licht: 2,137109,3,3,5,10,20,3,0,2,0,1,0,0
"POINT (9.764227977000076 52.266637350000053)",Unfall 137117 (2018) Kat:3, Licht: 0,137117,3,3,5,10,14,4,0,0,1,1,0,0
"POINT (9.756292214000041 52.342599540000037)",Unfall 137118 (2018) Kat:3, Licht: 0,137118,3,2,5,10,07,3,0,0,1,0,0,0
"POINT (9.711549242000046 52.336579063000045)",Unfall 137122 (2018) Kat:3, Licht: 0,137122,3,3,5,10,15,4,0,0,0,1,0,0
"POINT (9.818638741000029 52.391866317000051)",Unfall 137151 (2018) Kat:3, Licht: 0,137151,3,7,0,10,11,5,0,0,1,0,0,0
"POINT (9.697677479000049 52.360079633000055)",Unfall 137162 (2018) Kat:3, Licht: 0,137162,3,1,0,10,14,6,1,0,1,0,0,0
"POINT (9.713625752000041 52.414133995000043)",Unfall 137164 (2018) Kat:3, Licht: 0,137164,3,7,2,10,07,6,0,0,1,1,0,0
"POINT (9.841223099000047 52.491329255000039)",Unfall 137165 (2018) Kat:3, Licht: 0,137165,3,3,5,10,15,5,0,0,1,1,0,0
"POINT (9.754139377000058 52.379486473000043)",Unfall 137166 (2018) Kat:3, Licht: 0,137166,3,2,0,10,14,6,0,0,1,1,0,0
"POINT (9.753321447000076 52.390230338000038)",Unfall 137167 (2018) Kat:2, Licht: 0,137167,2,7,0,10,10,6,0,0,0,0,1,0
"POINT (9.731955535000054 52.377129822000029)",Unfall 137170 (2018) Kat:3, Licht: 2,137170,3,7,4,10,21,6,0,2,0,1,0,0
"POINT (9.843113689000063 52.487819544000047)",Unfall 137173 (2018) Kat:3, Licht: 0,137173,3,6,4,10,12,6,0,0,0,1,0,0
"POINT (9.673612331000072 52.365298200000041)",Unfall 137181 (2018) Kat:3, Licht: 0,137181,3,4,0,10,16,4,0,0,0,0,1,0
"POINT (9.461726155000065 52.306765342000062)",Unfall 137191 (2018) Kat:3, Licht: 0,137191,3,3,5,10,08,4,0,0,0,1,0,0
"POINT (9.777702161000036 52.397323274000030)",Unfall 137218 (2018) Kat:3, Licht: 0,137218,3,4,6,10,13,4,1,0,0,1,1,0
"POINT (9.810828615000048 52.383009131000051)",Unfall 137219 (2018) Kat:3, Licht: 0,137219,3,1,9,10,13,4,1,0,0,1,0,0
"POINT (9.734895324000036 52.380212707000055)",Unfall 137230 (2018) Kat:3, Licht: 2,137230,3,3,5,10,21,6,1,2,1,1,0,0
"POINT (9.715689007000037 52.387291904000051)",Unfall 137246 (2018) Kat:3, Licht: 0,137246,3,6,2,10,16,5,1,0,1,1,0,0
"POINT (9.798737315000039 52.385315683000044)",Unfall 137263 (2018) Kat:3, Licht: 0,137263,3,3,5,10,15,3,1,0,1,1,0,0
"POINT (9.800714535000054 52.405740702000060)",Unfall 137264 (2018) Kat:3, Licht: 2,137264,3,3,5,10,19,3,1,2,0,1,0,0
"POINT (9.732601131000024 52.379121003000080)",Unfall 137265 (2018) Kat:3, Licht: 0,137265,3,3,5,10,11,3,0,0,1,1,0,0
"POINT (9.807623937000074 52.379565721000063)",Unfall 137266 (2018) Kat:3, Licht: 0,137266,3,1,0,10,10,6,1,0,0,0,0,1
"POINT (9.692633381000064 52.398484802000041)",Unfall 137267 (2018) Kat:3, Licht: 2,137267,3,2,5,10,18,3,1,2,0,1,0,0
"POINT (9.741380060000040 52.394385380000074)",Unfall 137271 (2018) Kat:3, Licht: 0,137271,3,7,0,10,17,3,1,0,0,0,0,1
"POINT (9.735544931000050 52.375905972000055)",Unfall 137272 (2018) Kat:3, Licht: 1,137272,3,7,4,10,07,3,0,1,0,1,0,0
"POINT (9.692908500000044 52.341824793000058)",Unfall 137280 (2018) Kat:3, Licht: 0,137280,3,3,5,10,13,6,0,0,0,1,0,0
"POINT (9.554401405000021 52.209776430000034)",Unfall 137283 (2018) Kat:3, Licht: 0,137283,3,2,5,10,15,5,1,0,1,1,0,0
"POINT (9.790207290000069 52.358484574000045)",Unfall 137292 (2018) Kat:3, Licht: 0,137292,3,2,5,10,15,5,1,0,1,1,0,0
"POINT (9.804793802000063 52.334848786000066)",Unfall 137318 (2018) Kat:3, Licht: 0,137318,3,2,5,10,15,6,1,0,0,1,0,1
"POINT (9.694061270000077 52.352741675000061)",Unfall 137327 (2018) Kat:3, Licht: 0,137327,3,6,2,10,13,2,1,0,0,1,0,0