WKT,Name,OBJECTID,UKATEGORIE,UTYP1,UART,UMONAT,USTUNDE,UWOCHENTAG,STRZUSTAND,ULICHTVERH,ISTRAD,ISTPKW,ISTFUSS,ISTKRAD
"POINT (9.722053711000058 52.389089030000036)",Unfall 137328 (2018) Kat:3, Licht: 0,137328,3,7,0,10,10,2,1,0,1,0,0,0
"POINT (9.787856783000052 52.394484862000070)",Unfall 137331 (2018) Kat:3, Licht: 2,137331,3,7,0,10,19,2,0,2,1,0,0,0
"POINT (9.754866229000072 52.430758640000079)",Unfall 137333 (2018) Kat:3, Licht: 2,137333,3,1,9,10,22,5,0,2,0,1,0,0
"POINT (9.780188545000044 52.403906870000071)",Unfall 137334 (2018) Kat:3, Licht: 0,137334,3,1,0,10,14,2,0,0,1,0,0,0
"POINT (9.428140722000023 52.576218591000043)",Unfall 137336 (2018) Kat:3, Licht: 0,137336,3,3,5,10,12,2,0,0,1,1,0,0
"POINT (9.747719575000076 52.550567414000056)",Unfall 137337 (2018) Kat:3, Licht: 0,137337,3,3,5,10,16,2,0,0,1,1,0,0
"POINT (9.744121342000028 52.379840430000058)",Unfall 137338 (2018) Kat:2, Licht: 2,137338,2,1,0,10,19,2,0,2,1,0,0,0
"POINT (9.656813258000057 52.415662438000027)",Unfall 137339 (2018) Kat:2, Licht: 0,137339,2,7,9,10,15,2,0,0,0,1,0,0
"POINT (9.866513317000056 52.362601159000064)",Unfall 137342 (2018) Kat:2, Licht: 0,137342,2,1,0,10,14,2,0,0,0,0,0,1
"POINT (9.684515624000028 52.395956310000031)",Unfall 137369 (2018) Kat:3, Licht: 0,137369,3,5,1,10,08,1,0,0,0,1,0,0
"POINT (9.450743437000028 52.501258009000026)",Unfall 137372 (2018) Kat:3, Licht: 2,137372,3,4,6,10,00,1,0,2,0,1,1,0
"POINT (9.740340351000043 52.448021029000074)",Unfall 137384 (2018) Kat:3, Licht: 0,137384,3,3,5,10,09,6,0,0,0,1,0,0
"POINT (9.692305575000034 52.398136098000066)",Unfall 137395 (2018) Kat:2, Licht: 0,137395,2,6,2,10,09,4,1,0,0,1,0,0
"POINT (9.703803060000041 52.337447166000061)",Unfall 137400 (2018) Kat:3, Licht: 0,137400,3,5,1,10,11,4,0,0,1,1,0,0
"POINT (9.730994656000064 52.370738816000028)",Unfall 137401 (2018) Kat:3, Licht: 2,137401,3,7,0,10,20,7,0,2,1,1,0,0
"POINT (9.739700714000037 52.412252854000030)",Unfall 137402 (2018) Kat:3, Licht: 0,137402,3,1,1,10,16,5,1,0,0,1,0,0
"POINT (9.708464474000039 52.368347743000072)",Unfall 137403 (2018) Kat:3, Licht: 0,137403,3,6,6,10,14,7,0,0,0,1,1,0
"POINT (9.803150524000046 52.396391366000046)",Unfall 137404 (2018) Kat:3, Licht: 2,137404,3,4,6,10,06,7,0,2,1,0,1,0
"POINT (9.736713446000067 52.448939819000032)",Unfall 137406 (2018) Kat:3, Licht: 0,137406,3,1,8,10,13,7,0,0,0,1,0,0
"POINT (9.707817600000055 52.412977899000055)",Unfall 137407 (2018) Kat:3, Licht: 2,137407,3,3,0,10,20,4,1,2,0,1,0,1
"POINT (9.739680611000040 52.440624252000077)",Unfall 137409 (2018) Kat:3, Licht: 0,137409,3,6,2,10,11,7,0,0,0,1,0,0
"POINT (9.632289684000057 52.411274775000038)",Unfall 137410 (2018) Kat:3, Licht: 2,137410,3,3,5,10,21,7,0,2,0,1,0,0
"POINT (9.809308409000039 52.403993127000035)",Unfall 137417 (2018) Kat:3, Licht: 0,137417,3,7,5,10,13,4,0,0,1,1,0,0
"POINT (9.741113851000023 52.393652287000066)",Unfall 137424 (2018) Kat:3, Licht: 2,137424,3,1,0,10,07,4,1,2,1,0,0,0
"POINT (9.809668928000065 52.384357144000035)",Unfall 137425 (2018) Kat:3, Licht: 0,137425,3,6,2,10,10,6,1,0,0,1,0,0
"POINT (9.608409471000073 52.449372845000028)",Unfall 137427 (2018) Kat:3, Licht: 0,137427,3,3,5,10,13,4,1,0,0,1,0,0
"POINT (9.741945421000025 52.375740933000031)",Unfall 137437 (2018) Kat:3, Licht: 0,137437,3,3,5,10,08,6,1,0,1,1,0,0
"POINT (9.486191561000055 52.305060473000026)",Unfall 137439 (2018) Kat:3, Licht: 0,137439,3,3,5,10,16,5,1,0,1,1,0,0
"POINT (9.723148976000061 52.369826212000078)",Unfall 137448 (2018) Kat:3, Licht: 0,137448,3,2,5,10,09,5,0,0,0,1,0,0
"POINT (9.658288336000055 52.405946423000046)",Unfall 137450 (2018) Kat:3, Licht: 2,137450,3,5,0,10,23,6,0,2,1,1,0,0
"POINT (9.724726050000072 52.344964781000044)",Unfall 137452 (2018) Kat:3, Licht: 0,137452,3,6,2,10,16,6,0,0,1,1,0,0
"POINT (9.765996000000030 52.354643700000054)",Unfall 137455 (2018) Kat:3, Licht: 0,137455,3,5,1,10,14,6,0,0,1,1,0,0
"POINT (9.712741776000030 52.382153775000063)",Unfall 137456 (2018) Kat:3, Licht: 1,137456,3,3,5,10,08,6,0,1,1,1,0,0
"POINT (9.819386328000064 52.429305443000032)",Unfall 137458 (2018) Kat:3, Licht: 0,137458,3,3,5,10,13,6,0,0,0,1,0,0
"POINT (9.778289250000057 52.399320791000036)",Unfall 137459 (2018) Kat:3, Licht: 0,137459,3,7,2,10,12,6,0,0,0,1,0,0
"POINT (9.610259729000063 52.423882930000048)",Unfall 137461 (2018) Kat:3, Licht: 0,137461,3,7,8,10,12,6,0,0,0,0,0,1
"POINT (9.719927660000053 52.375088996000045)",Unfall 137462 (2018) Kat:3, Licht: 2,137462,3,3,5,10,22,6,0,2,0,1,0,0
"POINT (9.744045232000076 52.386724424000079)",Unfall 137464 (2018) Kat:3, Licht: 0,137464,3,2,5,10,15,6,0,0,1,1,0,0
"POINT (9.970770263000077 52.378296468000030)",Unfall 137469 (2018) Kat:2, Licht: 0,137469,2,1,0,10,08,4,1,0,1,0,0,0
"POINT (9.752690913000038 52.382734143000050)",Unfall 137476 (2018) Kat:3, Licht: 0,137476,3,7,6,11,13,5,0,0,0,1,1,0
"POINT (9.741207965000058 52.371045407000054)",Unfall 137478 (2018) Kat:3, Licht: 0,137478,3,6,3,11,13,5,0,0,1,1,0,0
"POINT (9.606437433000053 52.307912270000031)",Unfall 137479 (2018) Kat:3, Licht: 0,137479,3,3,5,11,10,5,0,0,0,1,0,0
"POINT (9.971190254000021 52.378139194000028)",Unfall 137481 (2018) Kat:3, Licht: 2,137481,3,5,1,11,02,5,0,2,0,1,0,0
"POINT (9.664608485000031 52.445495380000068)",Unfall 137482 (2018) Kat:3, Licht: 0,137482,3,3,5,11,15,5,0,0,1,0,0,0
"POINT (10.016607572000055 52.448252396000044)",Unfall 137484 (2018) Kat:3, Licht: 0,137484,3,3,5,11,07,5,0,0,1,1,0,0
"POINT (9.702923655000063 52.341198205000069)",Unfall 137487 (2018) Kat:3, Licht: 0,137487,3,2,5,11,13,5,0,0,1,0,0,0
"POINT (9.672760283000059 52.398367717000042)",Unfall 137489 (2018) Kat:3, Licht: 0,137489,3,2,5,11,11,5,0,0,0,1,0,0
"POINT (9.709433697000065 52.360150173000079)",Unfall 137490 (2018) Kat:3, Licht: 0,137490,3,1,8,11,07,5,0,0,0,1,0,0
"POINT (9.982195852000075 52.381480995000061)",Unfall 137496 (2018) Kat:3, Licht: 2,137496,3,3,5,11,17,2,0,2,1,1,0,0
"POINT (9.714130467000075 52.371426192000058)",Unfall 137511 (2018) Kat:3, Licht: 1,137511,3,7,0,11,16,7,0,1,0,0,0,0
"POINT (9.741793516000030 52.378624051000031)",Unfall 137512 (2018) Kat:3, Licht: 2,137512,3,2,4,10,21,4,0,2,0,1,0,1
"POINT (9.731381105000025 52.375076483000043)",Unfall 137513 (2018) Kat:3, Licht: 0,137513,3,6,6,10,08,4,0,0,0,1,1,0
"POINT (9.971259129000032 52.324094528000046)",Unfall 137515 (2018) Kat:2, Licht: 0,137515,2,7,0,10,15,4,0,0,1,0,0,0
"POINT (9.819447880000041 52.390336740000066)",Unfall 137516 (2018) Kat:3, Licht: 2,137516,3,4,6,10,21,4,0,2,0,1,1,0
"POINT (9.604199915000038 52.414120858000047)",Unfall 137518 (2018) Kat:2, Licht: 0,137518,2,6,9,10,09,4,0,0,0,1,0,1
"POINT (9.805397640000024 52.412342693000028)",Unfall 137520 (2018) Kat:3, Licht: 0,137520,3,2,0,10,13,4,0,0,1,1,0,0
"POINT (9.750966402000074 52.348367216000042)",Unfall 137550 (2018) Kat:3, Licht: 0,137550,3,6,2,11,15,6,0,0,0,1,0,1
"POINT (9.806830203000061 52.385536546000026)",Unfall 137557 (2018) Kat:3, Licht: 0,137557,3,6,3,10,09,3,1,0,0,1,0,0
"POINT (9.762288331000036 52.370272983000064)",Unfall 137558 (2018) Kat:3, Licht: 0,137558,3,7,0,10,12,3,0,0,0,0,1,0
"POINT (9.735171539000021 52.365506897000046)",Unfall 137559 (2018) Kat:3, Licht: 0,137559,3,1,4,11,10,2,0,0,0,1,0,0
"POINT (9.729217766000033 52.390741513000080)",Unfall 137560 (2018) Kat:3, Licht: 0,137560,3,3,5,10,10,3,1,0,1,1,0,0
"POINT (10.005581236000069 52.446316486000057)",Unfall 137562 (2018) Kat:3, Licht: 0,137562,3,3,5,10,15,3,0,0,1,1,0,0
"POINT (10.004935833000047 52.438198450000073)",Unfall 137564 (2018) Kat:3, Licht: 0,137564,3,7,6,10,09,3,1,0,0,0,1,0
"POINT (10.017732252000030 52.435858573000075)",Unfall 137566 (2018) Kat:3, Licht: 0,137566,3,3,5,10,07,3,1,0,1,1,0,0
"POINT (9.753165582000065 52.355300824000039)",Unfall 137567 (2018) Kat:2, Licht: 0,137567,2,7,9,10,10,3,1,0,0,1,0,0
"POINT (9.759368836000022 52.419770034000067)",Unfall 137569 (2018) Kat:2, Licht: 2,137569,2,4,6,10,05,3,1,2,0,1,1,0
"POINT (9.670627662000072 52.400928685000054)",Unfall 137572 (2018) Kat:3, Licht: 0,137572,3,2,5,10,15,3,1,0,0,1,0,0
"POINT (9.785834110000053 52.398102483000059)",Unfall 137573 (2018) Kat:3, Licht: 0,137573,3,3,5,10,08,3,1,0,1,1,0,0
"POINT (9.760864767000044 52.337584777000075)",Unfall 137599 (2018) Kat:3, Licht: 0,137599,3,1,0,11,07,2,0,0,1,0,0,0
"POINT (9.691227561000062 52.329209607000053)",Unfall 137622 (2018) Kat:3, Licht: 2,137622,3,4,6,10,06,2,1,2,0,1,1,0
"POINT (9.737761087000024 52.381849240000065)",Unfall 137625 (2018) Kat:3, Licht: 0,137625,3,7,0,10,09,2,1,0,1,0,0,0
"POINT (9.617072792000045 52.424517972000046)",Unfall 137628 (2018) Kat:3, Licht: 2,137628,3,2,3,10,20,2,1,2,0,1,0,0
"POINT (9.714274948000025 52.371749484000077)",Unfall 137630 (2018) Kat:3, Licht: 2,137630,3,3,5,10,18,2,1,2,1,1,0,0
"POINT (9.770489407000071 52.338515988000040)",Unfall 137631 (2018) Kat:2, Licht: 2,137631,2,4,0,10,17,2,1,2,0,1,1,0
"POINT (9.704869448000068 52.374310636000075)",Unfall 137633 (2018) Kat:3, Licht: 2,137633,3,3,5,10,06,2,1,2,1,1,0,0
"POINT (9.747138496000048 52.394590674000028)",Unfall 137668 (2018) Kat:3, Licht: 0,137668,3,6,3,11,13,2,0,0,1,0,0,0
"POINT (9.453683812000065 52.423319073000073)",Unfall 137670 (2018) Kat:3, Licht: 2,137670,3,2,5,11,17,7,0,2,1,1,0,0
"POINT (9.670313928000041 52.399534448000054)",Unfall 137676 (2018) Kat:3, Licht: 0,137676,3,3,5,10,14,1,1,0,1,1,0,0
"POINT (9.610259729000063 52.423882930000048)",Unfall 137678 (2018) Kat:3, Licht: 0,137678,3,2,4,10,16,1,1,0,0,1,0,0
"POINT (9.697103708000043 52.365793769000049)",Unfall 137681 (2018) Kat:3, Licht: 2,137681,3,7,9,10,18,1,0,2,1,0,0,0
"POINT (9.720441938000022 52.432480245000079)",Unfall 137683 (2018) Kat:2, Licht: 0,137683,2,2,5,10,14,1,1,0,0,1,0,1
"POINT (9.714366410000025 52.342265834000045)",Unfall 137704 (2018) Kat:3, Licht: 0,137704,3,2,5,11,09,2,0,0,0,1,0,0
"POINT (9.669398890000025 52.349666908000074)",Unfall 137705 (2018) Kat:3, Licht: 0,137705,3,3,5,10,14,7,0,0,1,1,0,0
"POINT (9.448232028000064 52.420707291000042)",Unfall 137707 (2018) Kat:3, Licht: 2,137707,3,3,5,10,19,7,0,2,1,1,0,0
"POINT (9.597465532000058 52.419350781000048)",Unfall 137709 (2018) Kat:3, Licht: 1,137709,3,2,3,10,17,7,0,1,1,1,0,0
"POINT (9.717080496000051 52.340529762000074)",Unfall 137728 (2018) Kat:3, Licht: 2,137728,3,6,2,11,17,4,0,2,0,1,0,0
"POINT (9.736312514000076 52.441250956000033)",Unfall 137738 (2018) Kat:3, Licht: 0,137738,3,2,5,11,15,2,0,0,1,0,0,0
"POINT (9.715046943000061 52.392830260000039)",Unfall 137763 (2018) Kat:3, Licht: 0,137763,3,7,0,11,08,5,1,0,0,0,0,1
"POINT (9.774944192000021 52.363785737000057)",Unfall 137766 (2018) Kat:3, Licht: 2,137766,3,7,7,11,17,1,0,2,1,0,0,0
"POINT (9.650219705000040 52.311593740000035)",Unfall 137767 (2018) Kat:3, Licht: 0,137767,3,6,2,11,12,4,0,0,1,0,0,0
"POINT (9.821379342000057 52.342970284000046)",Unfall 137773 (2018) Kat:3, Licht: 0,137773,3,6,2,11,10,2,1,0,0,1,0,0
"POINT (9.466115254000044 52.316144899000051)",Unfall 137782 (2018) Kat:3, Licht: 0,137782,3,7,0,11,16,4,0,0,0,1,0,1
"POINT (9.745665932000065 52.372805921000065)",Unfall 137787 (2018) Kat:3, Licht: 0,137787,3,6,4,11,11,2,0,0,0,1,0,0
"POINT (9.742903989000070 52.384419084000058)",Unfall 137789 (2018) Kat:3, Licht: 0,137789,3,2,0,11,13,7,0,0,1,1,0,0
"POINT (9.700424099000031 52.439100820000078)",Unfall 137803 (2018) Kat:3, Licht: 0,137803,3,7,1,11,13,5,0,0,0,1,0,0
"POINT (9.771962973000029 52.369527435000066)",Unfall 137809 (2018) Kat:3, Licht: 0,137809,3,3,5,11,15,4,0,0,1,1,0,0
"POINT (9.587819326000044 52.417024881000032)",Unfall 137820 (2018) Kat:3, Licht: 2,137820,3,6,2,11,17,4,0,2,0,1,0,0
"POINT (9.462428504000059 52.507725980000032)",Unfall 137827 (2018) Kat:3, Licht: 0,137827,3,3,5,11,13,2,1,0,0,1,0,1
"POINT (9.695495633000064 52.408860099000037)",Unfall 137833 (2018) Kat:3, Licht: 0,137833,3,2,4,11,14,4,0,0,1,1,0,0
"POINT (9.723384783000029 52.370795149000060)",Unfall 137846 (2018) Kat:3, Licht: 0,137846,3,7,0,11,15,3,0,0,0,0,1,0
"POINT (9.702304877000074 52.375048429000060)",Unfall 137847 (2018) Kat:3, Licht: 0,137847,3,5,1,11,09,3,0,0,1,1,0,0
"POINT (9.750583419000066 52.366084617000070)",Unfall 137854 (2018) Kat:3, Licht: 2,137854,3,3,5,11,17,3,0,2,0,1,0,0
"POINT (9.833362944000044 52.392382421000036)",Unfall 137855 (2018) Kat:3, Licht: 0,137855,3,5,1,11,13,3,0,0,0,1,0,0
"POINT (9.804859451000027 52.409469458000046)",Unfall 137856 (2018) Kat:3, Licht: 1,137856,3,2,5,11,16,5,0,1,1,1,0,0
"POINT (9.737071685000046 52.420969553000077)",Unfall 137858 (2018) Kat:3, Licht: 0,137858,3,6,2,11,09,3,0,0,0,1,0,0
"POINT (9.779793333000043 52.399975362000077)",Unfall 137865 (2018) Kat:3, Licht: 0,137865,3,1,0,11,14,3,0,0,1,0,0,0
"POINT (9.749864721000051 52.376375206000034)",Unfall 137867 (2018) Kat:3, Licht: 0,137867,3,6,3,11,09,3,0,0,0,1,0,1
"POINT (9.739705898000068 52.391795026000068)",Unfall 137873 (2018) Kat:3, Licht: 1,137873,3,2,5,11,17,4,0,1,1,1,0,0
"POINT (9.438120293000054 52.416263934000028)",Unfall 137877 (2018) Kat:3, Licht: 2,137877,3,3,5,11,18,4,0,2,1,1,0,0
"POINT (9.982345436000060 52.381462414000055)",Unfall 137878 (2018) Kat:3, Licht: 0,137878,3,3,5,11,12,3,0,0,0,1,0,0
"POINT (9.997336168000061 52.455257938000045)",Unfall 137880 (2018) Kat:3, Licht: 0,137880,3,7,0,11,14,3,0,0,1,0,0,0
"POINT (9.730107318000023 52.369046912000044)",Unfall 137883 (2018) Kat:3, Licht: 2,137883,3,3,5,11,20,2,1,2,1,1,0,0
"POINT (9.700849714000071 52.391450081000073)",Unfall 137884 (2018) Kat:3, Licht: 0,137884,3,7,5,11,07,6,1,0,1,1,0,0
"POINT (9.713663581000049 52.371081098000047)",Unfall 137885 (2018) Kat:3, Licht: 0,137885,3,6,3,11,15,4,0,0,1,0,0,1
"POINT (9.752625656000021 52.394984192000038)",Unfall 137888 (2018) Kat:3, Licht: 1,137888,3,3,5,11,18,3,0,1,1,1,0,0
"POINT (9.791792332000057 52.403172534000078)",Unfall 137889 (2018) Kat:3, Licht: 0,137889,3,2,3,11,15,3,0,0,1,1,0,0
"POINT (9.732540741000037 52.388855692000050)",Unfall 137892 (2018) Kat:3, Licht: 0,137892,3,6,0,11,09,6,1,0,0,0,0,1
"POINT (9.723271355000065 52.369684498000026)",Unfall 137893 (2018) Kat:1, Licht: 0,137893,1,4,6,11,09,3,0,0,0,0,1,0
"POINT (9.738200764000055 52.384834041000033)",Unfall 137896 (2018) Kat:3, Licht: 2,137896,3,2,4,11,19,6,0,2,1,1,0,0
"POINT (9.796900375000064 52.333993104000058)",Unfall 137898 (2018) Kat:3, Licht: 0,137898,3,4,6,11,14,2,1,0,0,1,1,0
"POINT (9.739867411000034 52.383048099000064)",Unfall 137899 (2018) Kat:3, Licht: 2,137899,3,7,0,11,19,6,1,2,1,0,0,0
"POINT (9.811895857000025 52.301725642000065)",Unfall 137900 (2018) Kat:2, Licht: 1,137900,2,3,5,11,16,7,0,1,1,1,0,0
"POINT (9.746171166000067 52.393193678000046)",Unfall 137906 (2018) Kat:3, Licht: 0,137906,3,6,2,11,11,6,1,0,0,1,0,0
"POINT (9.771984264000025 52.372879288000036)",Unfall 137909 (2018) Kat:3, Licht: 0,137909,3,7,0,11,10,6,1,0,1,0,0,0
"POINT (9.731529559000023 52.406397397000035)",Unfall 137917 (2018) Kat:3, Licht: 0,137917,3,7,0,11,15,5,0,0,1,0,0,0
"POINT (9.457231028000024 52.503366132000053)",Unfall 137932 (2018) Kat:3, Licht: 0,137932,3,7,0,11,11,4,0,0,1,0,0,0
"POINT (9.757396538000023 52.374488337000059)",Unfall 137939 (2018) Kat:3, Licht: 2,137939,3,3,5,11,18,2,1,2,1,1,0,0
"POINT (9.615796586000045 52.418718107000075)",Unfall 137947 (2018) Kat:3, Licht: 0,137947,3,2,5,11,08,4,0,0,0,1,0,0
"POINT (9.720506861000047 52.375527750000060)",Unfall 137953 (2018) Kat:2, Licht: 0,137953,2,3,5,11,10,7,0,0,1,1,0,0
"POINT (9.695656295000049 52.365573077000079)",Unfall 137966 (2018) Kat:3, Licht: 2,137966,3,2,5,11,17,5,0,2,0,1,0,1
"POINT (9.796606629000053 52.404239726000071)",Unfall 137971 (2018) Kat:3, Licht: 2,137971,3,3,5,11,17,4,0,2,1,1,0,0
"POINT (9.971628740000028 52.375300270000082)",Unfall 137982 (2018) Kat:3, Licht: 0,137982,3,5,1,11,12,4,0,0,1,1,0,0
"POINT (9.708618740000077 52.388390395000044)",Unfall 138003 (2018) Kat:3, Licht: 0,138003,3,3,5,11,10,3,1,0,1,1,0,0
"POINT (9.756629799000052 52.360819381000056)",Unfall 138008 (2018) Kat:3, Licht: 2,138008,3,6,6,11,17,5,1,2,1,0,1,0
"POINT (9.808427894000033 52.389648023000063)",Unfall 138009 (2018) Kat:3, Licht: 2,138009,3,4,6,11,19,1,0,2,0,1,1,0
"POINT (9.502122080000049 52.289077230000032)",Unfall 138015 (2018) Kat:3, Licht: 2,138015,3,4,6,11,16,5,1,2,0,1,1,0
"POINT (9.969088481000028 52.379448303000061)",Unfall 138030 (2018) Kat:3, Licht: 2,138030,3,6,6,11,05,3,1,2,1,0,1,0
"POINT (9.733937808000064 52.384551933000068)",Unfall 138031 (2018) Kat:3, Licht: 0,138031,3,3,5,11,09,7,0,0,1,1,0,0
"POINT (9.742144570000050 52.460114550000071)",Unfall 138032 (2018) Kat:3, Licht: 1,138032,3,6,2,11,06,7,0,1,0,1,0,0
"POINT (9.692722558000071 52.419039116000079)",Unfall 138037 (2018) Kat:3, Licht: 0,138037,3,1,0,11,14,3,1,0,1,0,0,0
"POINT (9.762704043000042 52.395546673000069)",Unfall 138046 (2018) Kat:3, Licht: 0,138046,3,2,5,11,08,3,0,0,1,1,0,0
"POINT (9.766345379000029 52.264232528000036)",Unfall 138058 (2018) Kat:3, Licht: 2,138058,3,1,0,11,16,5,1,2,1,0,0,0
"POINT (9.735344060000045 52.376733261000027)",Unfall 138067 (2018) Kat:2, Licht: 2,138067,2,7,0,11,16,5,1,2,1,0,0,0
"POINT (9.746704040000054 52.353797712000073)",Unfall 138075 (2018) Kat:3, Licht: 0,138075,3,2,3,11,14,6,0,0,0,1,0,1
"POINT (9.769154409000066 52.338195842000061)",Unfall 138076 (2018) Kat:3, Licht: 2,138076,3,2,5,11,20,6,0,2,1,0,0,0
"POINT (9.701601771000071 52.408698853000033)",Unfall 138077 (2018) Kat:3, Licht: 0,138077,3,3,5,11,12,6,0,0,1,1,0,0
"POINT (9.744908045000045 52.387481891000050)",Unfall 138078 (2018) Kat:3, Licht: 0,138078,3,3,0,11,16,6,0,0,0,1,0,0
"POINT (9.750999332000049 52.388379589000067)",Unfall 138081 (2018) Kat:3, Licht: 0,138081,3,5,3,11,11,6,0,0,1,0,0,0
"POINT (9.732355286000029 52.438478664000058)",Unfall 138083 (2018) Kat:3, Licht: 2,138083,3,3,0,11,06,6,0,2,1,1,0,0
"POINT (9.775180026000044 52.363688233000062)",Unfall 138085 (2018) Kat:2, Licht: 0,138085,2,2,5,11,12,3,0,0,1,1,0,0
"POINT (9.736214127000039 52.384188672000050)",Unfall 138086 (2018) Kat:3, Licht: 2,138086,3,2,5,11,18,6,0,2,1,1,0,0
"POINT (9.677759617000049 52.365658814000028)",Unfall 138087 (2018) Kat:3, Licht: 0,138087,3,6,2,11,15,6,0,0,0,1,0,0
"POINT (9.708358101000044 52.388518079000050)",Unfall 138101 (2018) Kat:3, Licht: 2,138101,3,4,6,11,18,3,1,2,0,1,1,0
"POINT (9.719305432000056 52.368938883000055)",Unfall 138117 (2018) Kat:3, Licht: 0,138117,3,2,5,11,13,2,0,0,1,1,0,0
"POINT (9.487126883000030 52.304570355000067)",Unfall 138126 (2018) Kat:3, Licht: 2,138126,3,3,5,11,20,5,1,2,0,1,0,0
"POINT (9.747186097000054 52.389766244000043)",Unfall 138127 (2018) Kat:3, Licht: 2,138127,3,7,1,11,21,2,0,2,0,1,0,0
"POINT (9.656833334000055 52.407827870000062)",Unfall 138132 (2018) Kat:3, Licht: 2,138132,3,2,5,11,01,5,1,2,1,1,0,0
"POINT (9.816071312000076 52.319496431000061)",Unfall 138133 (2018) Kat:3, Licht: 0,138133,3,6,2,11,15,5,0,0,0,1,0,0
"POINT (9.749373472000059 52.374780945000055)",Unfall 138135 (2018) Kat:3, Licht: 2,138135,3,7,0,11,06,2,0,2,1,0,0,0
"POINT (9.750641942000073 52.375500051000074)",Unfall 138136 (2018) Kat:3, Licht: 0,138136,3,2,2,11,08,5,0,0,0,1,0,0
"POINT (9.974080695000055 52.383706967000080)",Unfall 138138 (2018) Kat:3, Licht: 2,138138,3,2,5,11,17,5,0,2,1,1,0,0
"POINT (9.815937640000072 52.318211414000075)",Unfall 138139 (2018) Kat:3, Licht: 2,138139,3,6,2,11,18,3,1,2,0,1,0,0
"POINT (9.575117240000054 52.279870410000058)",Unfall 138140 (2018) Kat:3, Licht: 0,138140,3,4,6,11,09,2,1,0,0,1,1,0
"POINT (9.655091967000033 52.348358111000039)",Unfall 138148 (2018) Kat:3, Licht: 0,138148,3,3,5,11,12,2,0,0,0,1,0,0
"POINT (9.453543418000038 52.505022835000034)",Unfall 138151 (2018) Kat:3, Licht: 0,138151,3,3,5,11,12,2,0,0,1,1,0,0
"POINT (9.466877894000049 52.504353869000056)",Unfall 138160 (2018) Kat:3, Licht: 1,138160,3,4,6,11,07,2,1,1,0,1,1,0
"POINT (9.738431877000039 52.445617216000073)",Unfall 138165 (2018) Kat:3, Licht: 1,138165,3,6,2,11,16,2,1,1,0,1,0,0
"POINT (10.010753780000073 52.439012724000065)",Unfall 138168 (2018) Kat:3, Licht: 0,138168,3,3,5,11,09,2,0,0,1,1,0,0
"POINT (9.792531304000022 52.396708644000057)",Unfall 138174 (2018) Kat:3, Licht: 0,138174,3,3,5,11,09,5,1,0,1,1,0,0
"POINT (9.727501901000039 52.361005962000036)",Unfall 138175 (2018) Kat:2, Licht: 2,138175,2,3,5,11,18,2,1,2,1,1,0,0
"POINT (9.700497274000043 52.366315849000046)",Unfall 138178 (2018) Kat:2, Licht: 2,138178,2,2,6,11,16,2,1,2,0,1,1,0
"POINT (9.727971492000052 52.398153671000046)",Unfall 138181 (2018) Kat:3, Licht: 0,138181,3,3,5,11,14,2,0,0,1,1,0,0
"POINT (9.966641981000066 52.331694111000047)",Unfall 138185 (2018) Kat:3, Licht: 2,138185,3,6,2,11,17,5,1,2,0,1,0,0
"POINT (9.744914187000063 52.379167129000052)",Unfall 138186 (2018) Kat:3, Licht: 0,138186,3,4,6,11,09,2,0,0,0,1,1,0
"POINT (9.730636346000040 52.391285387000039)",Unfall 138197 (2018) Kat:3, Licht: 2,138197,3,3,5,11,06,4,0,2,0,1,0,0
"POINT (9.744354774000044 52.374455374000036)",Unfall 138199 (2018) Kat:3, Licht: 2,138199,3,2,5,11,16,4,0,2,0,1,0,0
"POINT (9.710675328000036 52.448292225000046)",Unfall 138201 (2018) Kat:2, Licht: 2,138201,2,3,5,11,03,3,1,2,0,0,0,0
"POINT (9.428836408000052 52.427372101000060)",Unfall 138202 (2018) Kat:3, Licht: 2,138202,3,3,5,11,17,4,0,2,1,1,0,0
"POINT (9.667509060000043 52.373125007000056)",Unfall 138203 (2018) Kat:3, Licht: 0,138203,3,2,2,11,13,4,0,0,0,1,0,0
"POINT (9.460949934000041 52.301702372000079)",Unfall 138205 (2018) Kat:3, Licht: 0,138205,3,7,9,11,10,4,1,0,0,1,0,0
"POINT (9.799954192000030 52.406244346000051)",Unfall 138216 (2018) Kat:3, Licht: 2,138216,3,2,5,11,18,3,1,2,1,1,0,0
"POINT (9.450481897000032 52.509584845000063)",Unfall 138242 (2018) Kat:3, Licht: 2,138242,3,4,6,11,16,5,1,2,0,1,1,0
"POINT (9.704835211000045 52.448434913000028)",Unfall 138244 (2018) Kat:2, Licht: 0,138244,2,3,5,11,12,4,0,0,0,1,0,0